isNull,original,translated,back_translated
False,▁ သဘော တရား အရ ▁ ခ ရင် မ် စ ိ မ် ခြင်း တွင် ▁အခြေခံ အတိုင်းအတာ ▁ နှစ်ခု ရှိ သည် ▁ - ▁ထုတ်ကုန် နှင့် ▁ပ ထ ဝီ ဝင် ။,သဘော တရား အရ ခ ရင် မ် စ ိ မ် ခြင်း နှင့် ပ ထ ဝီ ဝင် ။,သဘော တရား အရ ခ ရင် မ် စ ိ မ် ခြင်း နှင့် ပ ထ ဝီ ဝင် ။ ။
False,▁ ရာသီ အတွင်း ▁မင်းသိတယ် ၊ ▁မင်းရဲ့ အဆင့် ကို ▁ငါ ▁ခန့်မှန်း တယ် ▁အိုး ▁မိဘ အဖွဲ့ ကို ▁ပြန် ခေါ် ဖို့ ▁ဆုံးဖြတ် ရင် ▁ဘ ရာ ဗ တ် စ် က ▁ယောက်ျား တစ်ယောက် ကို ▁သုံး ဆ ▁A ▁ ကနေ ▁ပြန် ခေါ် ဖို့ ▁ဆုံးဖြတ် ရင် ▁နောက် တ ဆင့် ကို ▁ဆုံးရှုံး လိုက် မယ်။ ▁သူ့ကို ▁အစားထိုး ပြီး ▁ယောက်ျားလေး တစ်ယောက် က ▁သူ့ကို ▁အစားထိုး ဖို့ ▁ တက် သွားတယ်။,ရာသီ အတွင်း မင်းသိတယ် ၊ မင်းရဲ့ အဆင့် ကို ငါ ခန့်မှန်း တယ် အိုး မိဘ အဖွဲ့ ကို ပြန် ခေါ် ဖို့ ဆုံးဖြတ် ရင် ဘ ရာ ဗ တ် စ် က ယောက်ျား တစ်ယောက် ကို သုံး ဆ A ကနေ ပြန် ခေါ် ဖို့ ဆုံးဖြတ် ရင် နောက် တ ဆင့် ကို ဆုံးရှုံး လိုက် မယ်။ သူ့ကို အစားထိုး ပြီး ယောက်ျားလေး တစ်ယောက် က သူ့ကို အစားထိုး ဖို့ တက် သွားတယ်။,ရာသီ အတွင်း မင်းသိတယ် ၊ မင်းရဲ့ အဆင့် ကို ငါ ခန့်မှန်း တယ် အိုး မိဘ အဖွဲ့ ကို ပြန် ခေါ် ဖို့ ဆုံးဖြတ် ရင် နောက် တ ဆင့် ကို ဆုံးရှုံး လိုက် မယ်။
False,▁ကျွန်ုပ်တို့၏ နံပါတ် တစ်ခုသည် ▁သင့် ညွှန ် ကြား ချက်များကို ▁မိနစ် ပိုင်း အတွင်း ▁လုပ်ဆောင် ပေး ပါမည်။,ကျွန်ုပ်တို့၏ နံပါတ် တစ်ခုသည် သင့် ညွှန ် ကြား ချက်များကို မိနစ် ပိုင်း အတွင်း လုပ်ဆောင် ပေး ပါမည်။,ကျွန်ုပ်တို့၏ နံပါတ် တစ်ခုသည် သင့် ညွှန ် ကြား ချက်များကို မိနစ် ပိုင်း အတွင်း လုပ်ဆောင် ပေး ပါမည်။
False,▁သင် ဘယ်လို သိ သ လဲ ? ▁ဒါ တွေ အားလုံး ဟာ ▁သူတို့ရဲ့ ▁အချက်အလက် တွေ ပါ ဘဲ ။,သင် ဘယ်လို သိ သ လဲ ? ဒါ တွေ အားလုံး ဟာ သူတို့ရဲ့ အချက်အလက် တွေ ပါ ဘဲ ။,သင် ဘယ်လို သိ သ လဲ ? ဒါ တွေ အားလုံး ဟာ သူတို့ရဲ့ အချက်အလက် တွေ ပါ ဘဲ ။
False,▁ဟုတ်တယ် ▁ငါမင်းကို ပြောပြ မယ် ▁ဒီ တင်း နစ် ဖိနပ် တချို့ က ▁ ဈ ေး တက် ရင် ▁ဒေါ်လာ တစ် ရာ လောက် တက် နေပြီ ဆိုတာ ▁မင်း အ ခု ဘာလို့ သိ နိုင် မှာ လဲ,ဟုတ်တယ် ငါမင်းကို ပြောပြ မယ် ဒီ တင်း နစ် ဖိနပ် တချို့ က ဈ ေး တက် တက် ရင် ဒေါ်လာ တစ် ရာ လောက် တက် နေပြီ ဆိုတာ,ဒီ တင်း နစ် ဖိနပ် တချို့ က ဈ ေး တက်
False,▁ငါ့ လမ်းလျှောက် သူ ▁ ပြတ် သွား တော့ ▁ငါ စိတ် ဆိုး နေပြီ ▁ငါ စ တီ ရီ ယို ကို ▁အသံ ကျယ် အောင် ဖွင့် ဖို့ ပဲ လို တာ ။,ငါ့ လမ်းလျှောက် သူ ပြတ် သွား တော့ ငါ စိတ် ဆိုး နေပြီ ငါ စ တီ ရီ ယို ကို အသံ ကျယ် အောင် ဖွင့် ဖို့ ပဲ လို တာ ။,ငါ့ လမ်းလျှောက် သူ ပြတ် သွား တော့ ငါ စိတ် ဆိုး နေပြီ ငါ စ တီ ရီ ယို ကို အသံ ကျယ် အောင် ဖွင့် ဖို့ ပဲ လို တာ ။
False,▁သို့သော် ▁ကောင်းကင် ယံ တွင် ▁ကောင်းကင် တ မန် ဂါ ဘ ရီ ရယ် ▁( သူ ့ အ ဖော် ▁ မိုက် ကယ် ၊ ▁ဘယ် ဘက် တွင်၊ ▁သူ၏ အ တောင်ပံ မှ ▁အ မွေး အချို့ကို ▁ကယ်တင် ရန် ) ▁နှင့် ▁နို့ စို ့ ကလေး ယ ေ ရှု နှင့်အတူ ▁အ ပျ ို စင် မှ ▁ ခရစ်ယာန် ▁ မို ဆာ အ ချပ် အချို့ သည် ▁ပျောက်ကွယ်သွား ခဲ့သည်။,သို့သော် ကောင်းကင် ယံ တွင် ကောင်းကင် တ မန် ဂါ ဘ ရီ ရယ် ( သူ ့ အ ဖော် မိုက် ကယ် ၊ ဘယ် ဘက် တွင်၊ သူ၏ အ တောင်ပံ မှ အ မွေး အချို့ကို ကယ်တင် ရန် ) နှင့် နို့ စို ့ ကလေး ယ ေ ရှု နှင့်အတူ အ ပျ ို စင် မှ ခရစ်ယာန် မို ဆာ အ ချပ် အချို့ သည် ပျောက်ကွယ်သွား ခဲ့သည်။,သို့သော် ကောင်းကင် ယံ တွင် ကောင်းကင် တ မန် ဂါ ဘ ရီ ရယ် ( သူ ့ အ ဖော် မိုက် ကယ် ၊ ဘယ် ဘက် တွင်၊ သူ၏ အ တောင်ပံ မှ အ မွေး အချို့ကို ကယ်တင် ရန် ) နှင့် နို့ စို ့ ကလေး ယ ေ ရှု နှင့်အတူ အ ပျ ို စင် မှ ခရစ်ယာန် မို ဆာ အ ချပ် အချို့ သည် ပျောက်ကွယ်သွား ခဲ့သည်။
False,▁( J ack son ▁၏ တွေ့ရှိချက်များ ကို ▁Slate ▁တွင် ဖတ် ရှု ပါ။ ),( J ack son ၏ တွေ့ရှိချက်များ ကို Slate တွင် ဖတ် ရှု ပါ။ ),( J ack son ၏ တွေ့ရှိချက်များ ကို Slate တွင် ဖတ် ရှု ပါ။ ) )
False,▁လိင်တူချစ်သူ များနှင့် ▁လိင်တူချစ်သူ များ။,မြန်မာဘာသာ: လိင်တူချစ်သူ,မြန်မာဘာသာ: လိင်တူချစ်သူ
False,▁Ru e ▁des ▁F ran c s - B our ge o is ▁၏ အ ဆုံး တွင် ▁ကျောက်တုံး များနှင့် ▁အနီရောင် အုတ် မျက်နှာစာ များဖြင့် ▁မြို့၏ အ ချော ဆုံး လူ နေ ရပ်ကွက် ဖြစ်သည့် ▁Place ▁des ▁V os ge s ▁ဟု ▁လူအများ က ▁ယူဆ သည့်အရာ ဖြစ်သည်။,Ru e des F ran c s - B our ge o is ၏ အ ဆုံး တွင် ကျောက်တုံး များနှင့် အနီရောင် အုတ် မျက်နှာစာ များဖြင့် မြို့၏ အ ချော ဆုံး လူ နေ ရပ်ကွက် ဖြစ်သည့် Place des V os ge s ဟု လူအများ က ယူဆ သည့်အရာ ဖြစ်သည်။,Ru e des F ran c s - B our ge o is ၏ အ ဆုံး တွင် ကျောက်တုံး များနှင့် အနီရောင် အုတ် မျက်နှာစာ များဖြင့် မြို့၏ အ ချော ဆုံး လူ နေ ရပ်ကွက် ဖြစ်သည့် Place des V os ge s ဟု လူအများ က ယူဆ သည့်အရာ ဖြစ်သည်။
False,▁အခန်း တံခါး ကို ▁ ဖောက် ပြီး ▁မြေပြင် ပေါ် ▁ လဲ ကျ သွား တယ်၊,အခန်း တံခါး ကို ဖောက် ပြီး မြေပြင် ပေါ် လဲ ကျ သွား တယ်,အခန်း တံခါး ကို ဖောက် ပြီး မြေပြင် ပေါ် လဲ ကျ သွား တယ်
False,▁လူ ကြီး များနှင့် ကလေး များအတွက် ပျော် စရာ ။,လူ ကြီး များနှင့် ကလေး များအတွက် ပျော် စရာ ။,လူ ကြီး များနှင့် ကလေး များအတွက် ပျော် စရာ ။
False,▁သူတို့ မေး တဲ့ မေးခွန်း တွေက ▁စိတ်ဝင်စား ဖို့ ကောင်း တာ ▁ဒါမှမဟုတ် ▁တရားဝင် တာ မဟုတ်ဘူး ▁( ဒါ ပေမယ့် ▁ အများစု က ▁မေး ထားပြီး သား ဖြေ ထားတဲ့ ▁အမျိုးအစား အောက် မှာ ပါ ) ။,သူတို့ မေး တဲ့ မေးခွန်း တွေက စိတ်ဝင်စား ဖို့ ကောင်း တာ ဒါမှမဟုတ် တရားဝင် တာ မဟုတ်ဘူး ( ဒါ ပေမယ့် အများစု က မေး ထားပြီး သား ဖြေ ထားတဲ့ အမျိုးအစား အောက် မှာ ပါ ) ။,သူတို့ မေး တဲ့ မေးခွန်း တွေက စိတ်ဝင်စား ဖို့ ကောင်း တာ ဒါမှမဟုတ် တရားဝင် တာ မဟုတ်ဘူး ( ဒါ ပေမယ့် အများစု က မေး ထားပြီး သား ဖြေ ထားတဲ့ အမျိုးအစား အောက် မှာ ပါ ) ။ ။
False,▁The be s ▁သည် ▁၎င်း၏ ပထမဆုံး ဘုရင် ▁A men em he t ▁I w ho ▁1980 ▁မှ ▁19 5 1 ▁B C ▁တွင် ▁Me mp hi s ▁ အနီးတွင် ▁မြို့တော် ကို ▁တည်ထောင် ပြီး ▁12 ▁မင်း ဆက် အထိ ▁ အာဏာ ရ ခဲ့သည်။,The be s သည် ၎င်း၏ ပထမဆုံး ဘုရင် A men em he t I w ho 1980 မှ 19 5 1 B C တွင် Me mp hi s အနီးတွင် မြို့တော် ကို တည်ထောင် ပြီး 12 မင်း ဆက် အထိ အာဏာ ရ ခဲ့သည်။,The be s သည် ၎င်း၏ ပထမဆုံး ဘုရင် A men em he t I w ho 1980 မှ 19 5 1 B C တွင် အာဏာ ရ ခဲ့သည်။
False,▁မင်းရဲ့ စိုးရိမ် ပူ ပန် မှု တွေကို ▁ ပေါ့ ပေါ့ တန် တန် ပြော ချင် တာ မဟုတ်ဘူး ၊ ▁ဒါပေမယ့် ▁ငါက မင်း ဆိုရင် ၊ ▁ဒီ ▁$1 ▁ရဲ့ ▁အနီး နား နှုန်း ထား တွေရဲ့ ▁သက်ရောက်မှု တွေကို ▁ပို စိုးရိမ် မိ နိုင်တယ်။,မင်းရဲ့ စိုးရိမ် ပူ ပန် မှု တွေကို ပေါ့ ပေါ့ တန် တန် တန် ပြော ချင် တာ မဟုတ်ဘူး ၊ ဒါပေမယ့် ငါက မင်း ဆိုရင် ၊ ဒီ $1 ရဲ့ အနီး နား နှုန်း ထား တွေရဲ့ သက်ရောက်မှု တွေကို ပို စိုးရိမ် မိ နိုင်တယ်။,မင်းရဲ့ စိုးရိမ် ပူ ပန် မှု တွေကို ပေါ့ ပေါ့ ပေါ့ တန် တန် တန် တန် တန် ပြော ချင် တာ မဟုတ်ဘူး ၊ ဒါပေမယ့် ငါက မင်း ဆိုရင် ၊ ဒီ $1 ရဲ့ အနီး နား နှုန်း ထား တွေရဲ့ သက်ရောက်မှု တွေကို ပို စိုးရိမ် မိ နိုင်တယ်။
False,▁Da ta ▁S yn the s is ▁တွင် ▁ပြဿနာ များ။,Da ta S yn the s is တွင် ပြဿနာ များ။,Da ta S yn the s is တွင် ပြဿနာ များ။
False,▁အဲဒါကို ▁ ရုပ် မြင် သံ ကြား မှာ လည်း ▁တွေ့ တယ်။,အဲဒါကို ရုပ် မြင် သံ ကြား မှာ လည်း တွေ့ တယ်။,အဲဒါကို ရုပ် မြင် သံ ကြား မှာ လည်း တွေ့ တယ်။
False,▁Vre nna ▁နဲ့ ▁ကျွန်တော် ▁ နှစ်ယောက် လုံး က ▁သူ့ကို ▁ ရန် ဖြစ်ပြီး ▁သူက ▁ကျွန်တော်တို့ ကို ▁ ဖမ်း လု နီး နီး ပါပဲ။,Vre nna နဲ့ ကျွန်တော်တို့ ကို ဖမ်း လု နီး နီး နီး ပါပဲ။,Vre nna နဲ့ ကျွန်တော်တို့ ကို ဖမ်း လု နီး နီး နီး နီး နီး ပါပဲ။
False,▁ဤ ခွဲခြမ်းစိတ်ဖြာ မှုသည် ▁P M ▁နှင့် ▁ နာ တာ ရှည် ▁ လည် ချောင်း နာ ခြင်း သို့ ▁ချိတ်ဆက် ပေးသည့် ▁C R ▁လုပ်ဆောင်ချက် ကို ▁ဖော်ထုတ် ရန် ▁ဤ လေ့လာမှု နှစ်ခု မှ ▁ခန့်မှန်း ချက်များကို ▁ပေါင်းစပ် ထားသည်။,ဤ ခွဲခြမ်းစိတ်ဖြာ မှုသည် P M နှင့် နာ တာ ရှည် လည် ချောင်း နာ ခြင်း သို့ ချိတ်ဆက် ပေးသည့် C R လုပ်ဆောင်ချက် ကို ဖော်ထုတ် ရန် ဤ လေ့လာမှု နှစ်ခု မှ ခန့်မှန်း ချက်များကို ပေါင်းစပ် ထားသည်။,ဤ ခွဲခြမ်းစိတ်ဖြာ မှုသည် P M နှင့် နာ တာ ရှည် လည် ချောင်း နာ ခြင်း သို့ ချိတ်ဆက် ပေးသည့် C R လုပ်ဆောင်ချက် ကို ဖော်ထုတ် ရန် ဤ လေ့လာမှု နှစ်ခု မှ ခန့်မှန်း ချက်များကို ပေါင်းစပ် ထားသည်။
False,▁သူ လှည့် ပြီး ▁Vre nna ▁ကို ပြုံး ပြ သည်။,သူ လှည့် ပြီး Vre nna ကို ပြုံး,သူ လှည့် ပြီး Vre nna ကို ပြုံး
False,▁လွန်ခဲ့သည့် ▁5 ▁နှစ် အတွင်း ▁ အေဂျင်စီများ ▁အကောင်အထည်ဖော် လေ့ရှိ သည့် ▁ အလေ့အကျင့်များ ကို ▁ဖော်ထုတ် ရန် ▁ကျွန်ုပ်တို့ ▁ရှာဖွေ ခဲ့သည်။,လွန်ခဲ့သည့် 5 နှစ် အတွင်း အေဂျင်စီများ အကောင်အထည်ဖော် လေ့ရှိ သည့် အလေ့အကျင့်များ ကို ဖော်ထုတ် ရန် ကျွန်ုပ်တို့ ရှာဖွေ ခဲ့သည်။,လွန်ခဲ့သည့် 5 နှစ် အတွင်း အေဂျင်စီများ အကောင်အထည်ဖော်
False,▁တခြား ယောက်ျား တွေက ▁ရှ ပ် တယ်။,တခြား ယောက်ျား တွေက ရှ ပ် တယ်။,တခြား ယောက်ျား တွေက ရှ ပ် တယ်။
False,▁ပြည်နယ် များသည် ▁အမျိုးသား ဥယျာဉ် များနှင့် ▁ တော က န္တ ာ ရ ဒေသ များတွင် ▁သဘာဝ အခြေအနေ များ ▁ပြန်လည် ရောက်ရှိ ရေး ▁က ွန်ဂရက်လွှတ်တော် က ▁သတ်မှတ် ပေး ထားသည့် ▁ ပန်းတိုင် သို့ ▁ဦးတည် သည့် ▁၎င်းတို့၏ ပြည်နယ် အကောင်အထည်ဖော် ရေး စီမံ ချက် များတွင် ▁ကျိုးကြောင်း ဆီလျော် စွာ ▁တိုးတက်မှု ကို ▁ပြသ ရမည်ဖြစ်သည်။,ပြည်နယ် များသည် အမျိုးသား ဥယျာဉ် များနှင့် တော က န္တ ာ ရ ဒေသ များတွင် သဘာဝ အခြေအနေ များ ပြန်လည် ရောက်ရှိ ရေး က ွန်ဂရက်လွှတ်တော် က သတ်မှတ် ပေး ထားသည့် ပန်းတိုင် သို့ ဦးတည် သည့် ၎င်းတို့၏ ပြည်နယ် အကောင်အထည်ဖော် ရေး စီမံ ချက် များတွင် ကျိုးကြောင်း ဆီလျော် စွာ တိုးတက်မှု ကို ပြသ ရမည်ဖြစ်သည်။,ပြည်နယ် များသည် အမျိုးသား ဥယျာဉ် များနှင့် တော က န္တ ာ ရ ဒေသ များတွင် သဘာဝ အခြေအနေ များ ပြန်လည် ရောက်ရှိ ရေး က ွန်ဂရက်လွှတ်တော် က သတ်မှတ် ပေး ထားသည့် ပန်းတိုင် သို့ ဦးတည် သည့် ၎င်းတို့၏ ပြည်နယ် အကောင်အထည်ဖော် ရေး စီမံ ချက် များတွင် ကျိုးကြောင်း ဆီလျော် စွာ တိုးတက်မှု ကို ပြသ ရမည်ဖြစ်သည်။
False,▁အရမ်း စိတ်ဝင်စား ဖို့ ကောင်းတယ်။,အရမ်း စိတ်ဝင်စား ဖို့ ကောင်းတယ်။,အရမ်း စိတ်ဝင်စား ဖို့ ကောင်းတယ်။
False,▁သူသည် ▁ဘ န် ကာ ဆီသို့ ▁ ဖြ ည ်း ည ှ င်း စွာ ▁ပြန်လာ ခဲ့ တော့ သည်။,သူသည် ဘ န် ကာ ဆီသို့ ဖြ ည ်း ည ှ င်း စွာ ပြန်လာ ခဲ့ တော့ သည်။,သူသည် ဘ န် ကာ ဆီသို့ ဖြ ည ်း ည ှ င်း စွာ ပြန်လာ ခဲ့ တော့ သည်။
False,▁ခြောက် လို့ ▁တစ်ခုခု က ▁ပြည်နယ် လို့ ထင် ပြီး ▁ကျန် တဲ့ ▁ မုန့် တွေက ▁တခြား နေရာ ကို ▁ ရောက် သွား ပေမယ့် ▁ကျွန်တော်တို့ ▁ပြည်နယ် ရဲ့ ▁အစိတ်အပိုင်း တစ်ခု ထဲမှာ ▁ဖြစ် နေတာ ဆိုတော့ ▁အဲဒါက ▁အများကြီး ▁ပြန် ရ သလိုပဲ ၊ ▁ပြည်တွင်း အခွန် ဆောင် တာ လောက် တော့ ▁ ရှိတယ်။,ခြောက် လို့ တစ်ခုခု က ပြည်နယ် လို့ ထင်,ခြောက် လို့ တစ်ခုခု က ပြည်နယ် လို့ ထင်
False,▁၎င်းတို့သည် ▁၁ ၇ ▁ရာစု အစောပိုင်း တွင် ▁တရားဝင် ပြန်လည် နေထိုင် မှု အစီအစဉ် ၏ တစ်စိတ်တစ်ပိုင်း အဖြစ် ▁ဤနေရာ သို့ ရောက်ရှိ ခဲ့သော ▁၎င်းတို့၏ ▁Ma ll or can ▁ဘ ိုး ဘေး များ ထံမှ ▁ယနေ့ခေတ် ရွာ သား များထံ ▁ပေးအပ် သည့် လျှို ့ ဝှက် ချက် နည်း ဖြင့် ပြုလုပ် ထားသည်။,၎င်းတို့သည် ၁ ၇ ရာစု အစောပိုင်း တွင် တရားဝင် ပြန်လည် နေထိုင် မှု အစီအစဉ် ၏ တစ်စိတ်တစ်ပိုင်း အဖြစ် ဤနေရာ သို့ ရောက်ရှိ ခဲ့သော ၎င်းတို့၏ Ma ll or can ဘ ိုး ဘေး များ ထံမှ ယနေ့ခေတ် ရွာ သား များထံ ပေးအပ် သည့် လျှို ့ ဝှက် ချက် နည်း ဖြင့် ပြုလုပ် ထားသည်။,၎င်းတို့သည် ၁ ၇ ရာစု အစောပိုင်း တွင် တရားဝင် ပြန်လည် နေထိုင် မှု အစီအစဉ် ၏ တစ်စိတ်တစ်ပိုင်း အဖြစ် ဤနေရာ သို့ ရောက်ရှိ ခဲ့သော ၎င်းတို့၏ Ma ll or can ဘ ိုး ဘေး များ ထံမှ ယနေ့ခေတ် ရွာ သား များထံ ပေးအပ် သည့် လျှို ့ ဝှက် ချက် နည်း ဖြင့် ပြုလုပ် ထားသည်။
False,▁ဟုတ်တယ် ▁မင်းက ▁ကျောင်းသား ပဲ လေ ။,ဟုတ်တယ် မင်းက ကျောင်းသား ပဲ လေ ။,ဟုတ်တယ် မင်းက ကျောင်းသား ပဲ လေ ။ ။
False,▁ကလေး အလွဲသုံးစားလုပ် မှု ▁ရပ်တန့် ရေး နဲ့ ▁ပတ်သက်ပြီး ▁နယူးယောက် မှာ ▁ ကြီးမား တဲ့ ▁ ကမ်ပိန်း တစ်ခု ▁စတင် မယ်လို့ ▁ကြား သိ ရ ပြီး ▁ဒါဟာ ▁နိုင်ငံ လုံး ဆိုင်ရာ ▁ ကမ်ပိန်း ကြီး တစ်ခု လို ▁ဖြစ် စဥ် ကတည်းက ▁ဖြစ် သင့် တာ လို့ ▁ယူဆ ပြီး ▁အဲဒါကို ▁ မျှ ော် ကို း ပြီး ▁သိ ပါတယ်။ ▁ချ ွတ် ပြီး ▁တကယ် ပဲ ရှိ နေတာ ▁ငါ မသိဘူး ▁တစ်ခုခု လုပ် ပါ။,ကလေး အလွဲသုံးစားလုပ် မှု ရပ်တန့် ရေး နဲ့ ပတ်သက်ပြီး နယူးယောက် မှာ ကြီးမား တဲ့ ကမ်ပိန်း တစ်ခု စတင် မယ်လို့ ကြား သိ ရ ပြီး ဒါဟာ နိုင်ငံ လုံး ဆိုင်ရာ ကမ်ပိန်း ကြီး တစ်ခု လို ဖြစ် စဥ် ကတည်းက ဖြစ် သင့် တာ လို့ ယူဆ ပြီး အဲဒါကို မျှ ော် ကို း ပြီး သိ ပါတယ်။ ချ ွတ် ပြီး တကယ် ပဲ ရှိ နေတာ ငါ မသိဘူး တစ်ခုခု လုပ် ပါ။,ကလေး အလွဲသုံးစားလုပ် မှု ရပ်တန့် ရေး နဲ့ ပတ်သက်ပြီး နယူးယောက် မှာ ကြီးမား တဲ့ ကမ်ပိန်း တစ်ခု စတင် မယ်လို့ ကြား သိ ရ ပြီး ဒါဟာ နိုင်ငံ လုံး ဆိုင်ရာ ကမ်ပိန်း ကြီး တစ်ခု လို ဖြစ် စဥ် ကတည်းက ဖြစ် သင့် တာ လို့ ယူဆ ပြီး အဲဒါကို မျှ ော် ကို း ပြီး သိ ပါတယ်။ ချ ွတ် ပြီး တကယ် ပဲ ရှိ နေတာ ငါ မသိဘူး တစ်ခုခု လုပ် ပါ။
False,▁စာတိုက်ဝန်ဆောင် မှု ▁ပေးပို့ မှု အကြိမ် ရေ ▁လျှော့ချ ခဲ့ကြသည်။,စာတိုက်ဝန်ဆောင် မှု ပေးပို့ မှု အကြိမ် ရေ လျှော့ချ ခဲ့ကြသည်။,စာတိုက်ဝန်ဆောင် မှု ပေးပို့ မှု အကြိမ် ရေ လျှော့ချ ခဲ့ကြသည်။
False,▁စီးပွားရေး ၏ နောက် ထပ် ပြောင်းလဲမှု တစ်ခုတွင် ၊ ▁ထိုနေရာ တွင် ပိုမို ကြွယ်ဝ ပြီး ▁အာ ဟာ ရ ပြည့် ဝ သော စား ကျက် မြေ ကြောင့် ▁ တစ်စိတ်တစ်ပိုင်း အားဖြင့် ▁မြေ နိမ့် ပိုင်း လယ် များတွင် ▁သ ိုး သား ကို ▁ တွက် ခြေ ကို က် အောင် ▁မွေးမြူ နိုင်သည် ကို ▁တွေ့ရှိ ခဲ့ရ ပြီး ▁ အကျိုးဆက် အနေဖြင့် ▁Lake land ▁ ခြံ များသည် ▁အမြတ်အစွန်း နည်း လာသည်။,စီးပွားရေး ၏ နောက် ထပ် ပြောင်းလဲမှု တစ်ခုတွင် ၊ ထိုနေရာ တွင် ပိုမို ကြွယ်ဝ ပြီး အာ ဟာ ရ ပြည့် ဝ သော စား ကျက် မြေ ကြောင့် တစ်စိတ်တစ်ပိုင်း အားဖြင့် မြေ နိမ့် ပိုင်း လယ် များတွင် သ ိုး သား ကို တွက် ခြေ ကို က် အောင် မွေးမြူ နိုင်သည် ကို တွေ့ရှိ ခဲ့ရ ပြီး အကျိုးဆက် အနေဖြင့် Lake land ခြံ များသည် အမြတ်အစွန်း နည်း လာသည်။,စီးပွားရေး ၏ နောက် ထပ် ပြောင်းလဲမှု တစ်ခုတွင် ၊ ထိုနေရာ တွင် ပိုမို ကြွယ်ဝ ပြီး အာ ဟာ ရ ပြည့် ဝ သော စား ကျက် မြေ ကြောင့် တစ်စိတ်တစ်ပိုင်း အားဖြင့် မြေ နိမ့် ပိုင်း လယ် များတွင် သ ိုး သား ကို တွက် ခြေ ကို က် အောင် မွေးမြူ နိုင်သည် ကို တွေ့ရှိ ခဲ့ရ ပြီး အကျိုးဆက် အနေဖြင့် Lake land ခြံ များသည် အမြတ်အစွန်း နည်း လာသည်။
False,▁စည်းကမ်းချက် တွင် ▁EPA ▁သည် ▁သ ိုက် များကို ▁ထိန်းချုပ် ရာတွင် ▁ထိရောက်သော ▁ ဆပ် ပြာ မှု န့် များကို ▁အသုံးပြု ပြီး ▁ဓာတ်ငွေ့ ထုတ်လွှတ်မှု ▁ထိန်းချုပ် ရေး ▁ ပန်းတိုင် များကို ▁အကောင်အထည်ဖော် ကြောင်း ▁ဆုံးဖြတ် နိုင် စေမည့် ▁ အချက်အလက်များ ▁ စုဆောင်းမှု ▁ လိုအပ်ချက်များ ▁ ပါရှိသည်။,စည်းကမ်းချက် တွင် EPA သည် သ ိုက် များကို ထိန်းချုပ် ရာတွင် ထိရောက်သော ဆပ် ပြာ မှု န့် များကို အသုံးပြု ပြီး ဓာတ်ငွေ့ ထုတ်လွှတ်မှု ထိန်းချုပ် ရေး ပန်းတိုင် များကို အကောင်အထည်ဖော် ကြောင်း ဆုံးဖြတ် နိုင် စေမည့် အချက်အလက်များ စုဆောင်းမှု လိုအပ်ချက်များ ပါရှိသည်။,စည်းကမ်းချက် တွင် EPA သည် သ ိုက် များကို ထိန်းချုပ် ရာတွင် ထိရောက်သော ဆပ် ပြာ မှု န့် များကို အသုံးပြု ပြီး ဓာတ်ငွေ့ ထုတ်လွှတ်မှု ထိန်းချုပ် ရေး ပန်းတိုင် များကို အကောင်အထည်ဖော် ကြောင်း ဆုံးဖြတ် နိုင် စေမည့် အချက်အလက်များ စုဆောင်းမှု လိုအပ်ချက်များ ပါရှိသည်။
False,▁အရှေ့ မြောက် ဘက် တွင် ▁တောင် တိုင်း လို လို တွင် ▁Mo or ish ▁ ခံတပ် ရှိသည်။ ▁ပျက်စီး နေသော ▁ ခံတပ် လေးခု ထက် မ နည်း ▁ ဆိပ်ကမ်း ဝင်ပေါက် ကို ▁ စောင့် ကြပ် သည်၊ ▁နှင့် ▁နောက်ထပ် ▁ နှစ်ခု သည် ▁ ကောင်းမွန် စွာ ▁ပြုပြင် ဆဲ ဖြစ်သော ▁A ta lay a ▁နှင့် ▁Ga l er as ▁ရဲတိုက် များသည် ▁စပိန် စစ်တပ် အတွက် ▁အလွန် အ ရေး ပါ သော ▁ပင်လယ် မျက်နှာစာ လက်နက် တိုက် ကို ▁ကာကွယ် ရန် ဖြစ်သည်။,အရှေ့ မြောက် ဘက် တွင် တောင် တိုင်း လို လို လို တွင် Mo or ish ခံတပ် ရှိသည်။ ပျက်စီး နေသော ခံတပ် လေးခု ထက် မ နည်း ဆိပ်ကမ်း ဝင်ပေါက် ကို စောင့် ကြပ် သည်၊ နှင့် နောက်ထပ် နှစ်ခု သည် ကောင်းမွန် စွာ ပြုပြင် ဆဲ ဖြစ်သော A ta lay a နှင့် Ga l er as ရဲတိုက် များသည် စပိန် စစ်တပ် အတွက် အလွန် အ ရေး ပါ သော ပင်လယ် မျက်နှာစာ လက်နက် တိုက် ကို ကာကွယ် ရန် ဖြစ်သည်။,အရှေ့ မြောက် ဘက် တွင် တောင် တိုင်း လို လို လို လို တွင် Mo or ish ခံတပ် ရှိသည်။ ပျက်စီး နေသော ခံတပ် လေးခု ထက် မ နည်း ဆိပ်ကမ်း ဝင်ပေါက် ကို စောင့် ကြပ် သည်၊ နှင့် နောက်ထပ် နှစ်ခု သည် ကောင်းမွန် စွာ ပြုပြင် ဆဲ ဖြစ်သော A ta lay a နှင့် Ga l er as ရဲတိုက် များသည် စပိန် စစ်တပ် အတွက် အလွန် အ ရေး ပါ သော ပင်လယ် မျက်နှာစာ လက်နက် တိုက် ကို ကာကွယ် ရန် ဖြစ်သည်။
False,▁သူတို့ အဲဒီမှာ ရှိ လား။,သူတို့ အဲဒီမှာ ရှိ လား။,သူတို့ အဲဒီမှာ ရှိ လား။
False,▁F el ic ia ' s ▁Jo ur ney ▁သည် ▁မ မွေး သေး သော ကလေး ၏ ဖခင် ကို ရှာဖွေ ရန် ▁ မျှော်လင့်ချက် ဖြင့် ▁အင်္ဂလန် နိုင်ငံ သို့ ▁ပင်လယ် ကိုဖြတ်၍ ▁ပင်လယ် ကို ဖြတ် သွား သော ▁အိုင်ယာလန် မိန်းကလေး ငယ် တစ်ဦး ၏ မျက် စ ိ နောက်ကွယ်တွင် ▁တည်ရှိနေ ပါသည်။ ▁သူမ၏ ▁လူ ငယ်လေး သည် ▁သူမ အား ▁ လစ် လျ ှ ူ ချာ ချာ ▁ပေး ထား ကြောင်း ▁သိ သာ ထင်ရှား လာ သောအခါတွင် ▁ကောင်မလေး ကို ▁ ဖခင် ၏ ▁စိတ်ဝင်စား မှုကို ▁ ခံယူ သော ▁အ ဆီ ချ သော ▁ သက် လတ် ပိုင်း ▁အစားအသောက် ▁ စီမံ မန်နေဂျာ ▁H id itch ▁၊,F el ic ia ' s Jo ur ney သည် မ မွေး သေး သော ကလေး ၏ ဖခင် ကို ရှာဖွေ ရန် မျှော်လင့်ချက် ဖြင့် အင်္ဂလန် နိုင်ငံ သို့ ပင်လယ် ကိုဖြတ်၍ ပင်လယ် ကို ဖြတ် သွား သော အိုင်ယာလန် မိန်းကလေး ငယ် တစ်ဦး ၏ မျက် စ ိ နောက်ကွယ်တွင် တည်ရှိနေ ပါသည်။,F el ic ia ' s Jo ur ney သည် မ မွေး သေး သော ကလေး ၏ ဖခင် ကို ရှာဖွေ ရန် မျှော်လင့်ချက် ဖြင့် အင်္ဂလန် နိုင်ငံ သို့ ပင်လယ် ကိုဖြတ်၍ ပင်လယ် ကို ဖြတ် သွား သော အိုင်ယာလန် မိန်းကလေး ငယ် တစ်ဦး ၏ မျက် စ ိ နောက်ကွယ်တွင် တည်ရှိနေ ပါသည်။
False,▁လျှို့ဝှက် ဝှက် ထဲတွင် ▁V ol t ai re ▁နှင့် ▁Ro us se au ▁၊ ▁H u go ▁နှင့် ▁ Z ola ▁၊ ▁လုပ် ကြ ံ သတ် ဖြတ် ခံခဲ့ရ သော ▁ဆို ရှ ယ် လစ် ခေါင်းဆောင် ▁Je an ▁Ja ur y s ▁နှင့် ▁ မျက် မ မြင် များအတွက် ▁အ က ္ ခ ရာ ကို ▁တီထွင် သူ ▁Louis ▁B ra ille ▁ တို့၏ ▁အ ကြွ င်း အ ကျန် များကို ▁မြှုပ်နှံထား သည်။,လျှို့ဝှက် ဝှက် ထဲတွင် V ol t ai re နှင့် Ro us se au ၊ H u go နှင့် Z ola ၊ လုပ် ကြ ံ သတ် ဖြတ် ခံခဲ့ရ သော ဆို ရှ ယ် လစ် ခေါင်းဆောင် Je an Ja ur y s နှင့် မျက် မ မြင် များအတွက် အ က ္ ခ ရာ ကို တီထွင် သူ Louis B ra ille တို့၏ အ ကြွ င်း အ ကျန် များကို မြှုပ်နှံထား သည်။,လျှို့ဝှက် ဝှက် ထဲတွင် V ol t ai re နှင့် Ro us se au ၊ H u go နှင့် Z ola ၊ လုပ် ကြ ံ သတ် ဖြတ် ခံခဲ့ရ သော ဆို ရှ ယ် လစ် ခေါင်းဆောင် Je an Ja ur y s နှင့် မျက် မ မြင် များအတွက် အ က ္ ခ ရာ ကို တီထွင် သူ Louis B ra ille တို့၏ အ ကြွ င်း အ ကျန် များကို မြှုပ်နှံထား သည်။
False,▁အ ွ မ် လို့ ▁ခေါ် တဲ့ ▁ စုံ တွဲ တစ် တွဲ ရှိတယ်၊ ▁အခု ▁သူ့ နာမည် ကို ▁ မေ့ သွား တော့ မှာ ပဲ၊ ▁Di r k son,အ ွ မ် လို့ ခေါ် တဲ့ စုံ တွဲ တစ် တွဲ ရှိတယ်၊ အခု သူ့ နာမည် ကို မေ့ သွား တော့ မှာ ပဲ၊ Di r k son,အ ွ မ် လို့ ခေါ် တဲ့ စုံ တွဲ တစ် တွဲ ရှိတယ်၊ အခု သူ့ နာမည် ကို မေ့ သွား တော့ မှာ ပဲ
False,▁Poirot ၊ ▁ကျွန်တော် ▁စိတ် သက်သာ ရာ ရ စွာ နဲ့ ▁ အော် လိုက်ပြီး ▁သူ့ကို ▁လက် နှစ် ဖက် နဲ့ ▁ ဖမ်း ပြီး ▁အခန်း ထဲကို ▁ ဆွဲ ခေါ် သွားတယ်။,Poirot ၊ ကျွန်တော် စိတ် သက်သာ ရာ ရ စွာ နဲ့ အော် လိုက်ပြီး သူ့ကို လက် နှစ် ဖက် နဲ့ ဖမ်း ပြီး အခန်း ထဲကို ဆွဲ ခေါ် သွားတယ်။,Poirot ၊ ကျွန်တော် စိတ် သက်သာ ရာ ရ စွာ နဲ့ အော် လိုက်ပြီး သူ့ကို လက် နှစ် ဖက် နဲ့ ဖမ်း ပြီး အခန်း ထဲကို ဆွဲ ခေါ် သွားတယ်။
False,▁as wan ▁ ဟူသော ▁စကားလုံး သည် ▁အမှန်တကယ် အားဖြင့် ▁ရှေးခေတ် ▁ အီဂျစ် တွင် ▁ကုန်သွယ်မှု ▁သို့မဟုတ် ▁စျေးကွက် ကို ▁ ဆိုလို ပြီး ▁၎င်း၏ ▁အထင်ရှားဆုံး သော ▁လှုပ်ရှားမှု ကို ▁ ဆိုလို သည်။,as wan ဟူသော စကားလုံး သည် အမှန်တကယ်,as wan ဟူသော စကားလုံး သည် အမှန်တကယ်
False,▁စျေးကွက် က ▁ဘယ်လို မျိုး ▁ခံနိုင်ရည် ရှိ လဲ။,စျေးကွက် က ဘယ်လို မျိုး ခံနိုင်ရည် ရှိ လဲ။,စျေးကွက် က ဘယ်လို မျိုး ခံနိုင်ရည် ရှိ လဲ။
False,▁ဂျပန် ၏ ▁ အုပ်စိုး ရှင် သစ် များ ▁မည်မျှ ▁လျင်မြန်စွာ ▁ ဖမ်း စား နိုင်သည် ကို ▁ပြသ ရန် ▁၁၉ ▁ရာစု ▁ တိုက် ရေ ယာဉ် ▁သံ ခင်း တ မန် ခင်း တွင် ▁ကို ရီးယား နှင့် ▁တရုတ် တို့ အပေါ် ▁ပြစ်ဒဏ် ခတ် မှု ▁နှစ် ကြိမ် ▁ပြုလုပ် ခဲ့သည်။,ဂျပန် ၏ အုပ်စိုး ရှင် သစ် များ မည်မျှ လျင်မြန်စွာ ဖမ်း စား နိုင်သည် ကို ပြသ ရန် ၁၉ ရာစု တိုက် ရေ ယာဉ် သံ ခင်း တ မန် ခင်း တွင် ကို ရီးယား နှင့် တရုတ် တို့ အပေါ် ပြစ်ဒဏ် ခတ် မှု နှစ် ကြိမ် ပြုလုပ် ခဲ့သည်။,ဂျပန် ၏ အုပ်စိုး ရှင် သစ် များ မည်မျှ လျင်မြန်စွာ ဖမ်း စား နိုင်သည် ကို ပြသ ရန် ၁၉ ရာစု တိုက် ရေ ယာဉ် သံ ခင်း တ မန် ခင်း တွင် ကို ရီးယား နှင့် တရုတ် တို့ အပေါ် ပြစ်ဒဏ် ခတ် မှု နှစ် ကြိမ် ပြုလုပ် ခဲ့သည်။
False,▁ ယုံကြည်မှု ရန်ပုံငွေ သည် ▁20 16 ▁ခုနှစ်တွင် ▁ငွေ သား လိုငွေပြမှု ▁စတင် သည့်အခါ ▁အစိုးရ တစ်ရပ် လုံး သည် ▁လူမှုဖူလုံရေး မဟုတ်သော ▁ပို လျှံ ငွေ များကို ▁လျှော့ချ ခြင်း၊ ▁အများသူငှာ ▁ချ ေး ငှား ခြင်း၊ ▁အခြား အခွန် များ ▁ ကောက်ခံ ခြင်း ▁သို့မဟုတ် ▁အခြားသော ▁လျှော့ချ ခြင်းဖြင့် ▁လူမှုဖူလုံရေး ၏ ▁ငွေ သား လိုငွေပြမှု ကို ▁ ဘဏ္ဍာ ငွေ အဖြစ် ▁ဖြည့်ဆည်းပေး ရမည်ဖြစ်သည်။ ▁အစိုးရ အသုံးစရိတ် ။,ယုံကြည်မှု ရန်ပုံငွေ သည် 20 16 ခုနှစ်တွင် ငွေ သား လိုငွေပြမှု စတင် သည့်အခါ အစိုးရ တစ်ရပ် လုံး သည် လူမှုဖူလုံရေး မဟုတ်သော ပို လျှံ ငွေ များကို လျှော့ချ ခြင်း၊ အများသူငှာ ချ ေး ငှား ခြင်း၊ အခြား အခွန် များ ကောက်ခံ ခြင်း သို့မဟုတ် အခြားသော လျှော့ချ ခြင်းဖြင့် လူမှုဖူလုံရေး ၏ ငွေ သား လိုငွေပြမှု ကို ဘဏ္ဍာ ငွေ အဖြစ် ဖြည့်ဆည်းပေး ရမည်ဖြစ်သည်။,20 16 ခုနှစ်တွင် ငွေ သား လိုငွေပြမှု စတင် သည့်အခါ အစိုးရ တစ်ရပ် လုံး သည် လူမှုဖူလုံရေး မဟုတ်သော ပို လျှံ ငွေ များကို လျှော့ချ ခြင်း၊ အများသူငှာ ချ ေး ငှား ခြင်း၊ အခြား အခွန် များ ကောက်ခံ ခြင်း သို့မဟုတ် အခြားသော လျှော့ချ ခြင်းဖြင့် လူမှုဖူလုံရေး ၏ ငွေ သား လိုငွေပြမှု ကို ဘဏ္ဍာ ငွေ အဖြစ် ဖြည့်ဆည်းပေး ရမည်ဖြစ်သည်။
False,▁ဤ အဖွဲ့အစည်းများ သည် ▁၎င်းတို့၏ ▁လုပ်ငန်းစဉ် များနှင့် ▁ မစ်ရှင် အောင်မြင်မှု ကို ▁မည်ကဲ့သို့ ▁ပံ့ပိုးပေး သည် ▁သို့မဟုတ် ▁မည်ကဲ့သို့ ▁ဟ န့် တာ း သည်ကို ▁နားလည် ရန် ▁ဤ အဖွဲ့အစည်းများ သည် ▁၎င်းတို့၏ ▁လုပ်ငန်းစဉ် များကို ▁နားလည် ရန် ▁အချိန် နှင့် ▁အား ထုတ် မှုကို ▁မြှုပ်နှံထား သည်။,ဤ အဖွဲ့အစည်းများ သည် ၎င်းတို့၏ လုပ်ငန်းစဉ် များနှင့် မစ်ရှင် အောင်မြင်မှု ကို မည်ကဲ့သို့ ပံ့ပိုးပေး သည် သို့မဟုတ် မည်ကဲ့သို့ ဟ န့် တာ း သည်ကို နားလည် ရန် ဤ အဖွဲ့အစည်းများ သည် ၎င်းတို့၏ လုပ်ငန်းစဉ် များကို နားလည် ရန် အချိန် နှင့် အား ထုတ် မှုကို မြှုပ်နှံထား သည်။,ဤ အဖွဲ့အစည်းများ သည် ၎င်းတို့၏ လုပ်ငန်းစဉ် များနှင့် မစ်ရှင် အောင်မြင်မှု ကို မည်ကဲ့သို့ ပံ့ပိုးပေး သည် သို့မဟုတ် မည်ကဲ့သို့ ဟ န့် တာ း သည်ကို နားလည် ရန် ဤ အဖွဲ့အစည်းများ သည် ၎င်းတို့၏ လုပ်ငန်းစဉ် များကို နားလည် ရန် အချိန် နှင့် အား ထုတ် မှုကို မြှုပ်နှံထား သည်။
False,▁ပြီးတော့ ▁မင်း နဲ့ စကားပြော ရတာ ▁ ကောင်းတယ်။,ပြီးတော့ မင်း နဲ့ စကားပြော ရတာ ကောင်းတယ်။,ပြီးတော့ မင်း နဲ့ စကားပြော ရတာ ကောင်းတယ်။
False,▁ အချက်အလက်များကို ▁သင် ဝင်ရောက် ခွင့် ရှိသည်။,အချက်အလက်များကို သင် ဝင်ရောက် ခွင့် ရှိသည်။,အချက်အလက်များကို သင် ဝင်ရောက် ခွင့် ရှိသည်။
False,▁ ပတ်ဝန်းကျင် ▁တည်ဆောက် ခြင်း ▁ အင်ဂျင် နီ ယာ ▁ထုတ်လုပ်မှု ▁ထုတ်လုပ်မှု ▁( နှုန်း ထား ▁ ကိရိယာ အားလုံး ) ▁( ထုတ်လုပ် မှု ▁ ကိရိယာ ▁ တန် ဆာ ပ လာ ▁ပထမ တွဲ ),ပတ်ဝန်းကျင် တည်ဆောက် ခြင်း အင်ဂျင် နီ ယာ,ပတ်ဝန်းကျင် တည်ဆောက် ခြင်း အင်ဂျင် နီ ယာ
False,▁သင့် တွင် ▁ ကိုယ်ပိုင် အိမ် ရှိ သ ရွေ့ ▁သင့် အိမ် နီး နား ချင်း ၏ ▁ သုံးစွဲ မှု အလေ့အထ ကို ▁ ကြောက်ရွံ့ ခြင်းသည် ▁သူ့ ဧည့် ခန်း ရှိ ▁ ကော်ဇော အရောင် ကို ▁ နှ ောင့် ယှက် ခြင်းနှင့် တူ သည်။,သင့် တွင် ကိုယ်ပိုင် အိမ် ရှိ သ ရွေ့ သင့် အိမ် နီး နား ချင်း ၏ သုံးစွဲ မှု အလေ့အထ ကို ကြောက်ရွံ့ ခြင်းသည် သူ့ ဧည့် ခန်း ရှိ ကော်ဇော အရောင် ကို နှ ောင့် ယှက် ခြင်းနှင့် တူ သည်။,သင့် တွင် အိမ် ရှိ သ ရွေ့ သင့် အိမ် နီး နား ချင်း ၏ သုံးစွဲ မှု အလေ့အထ ကို ကြောက်ရွံ့ ခြင်းသည် သူ့ ဧည့် ခန်း ရှိ ကော်ဇော အရောင် ကို နှ ောင့် ယှက် ခြင်းနှင့် တူ သည်။
False,▁ဟုတ်ပါတယ် ▁သူတို့ လည်း ▁စစ် မှု ထမ်း နိုင် သလို ▁အမြဲတမ်း လည်း ▁စစ် မှု မ ထမ်း မ နေရ ဘဲ ▁သူတို့ နိုင်ငံသား တွေ လို့ ▁ကျ န ော် ယုံကြည် ပါတယ်။,ဟုတ်ပါတယ် သူတို့ လည်း စစ် မှု ထမ်း နိုင် သလို အမြဲတမ်း လည်း စစ် မှု မ ထမ်း မ နေရ ဘဲ သူတို့ နိုင်ငံသား တွေ လို့ ကျ န ော် ယုံကြည် ပါတယ်။,ဟုတ်ပါတယ် သူတို့ လည်း စစ် မှု ထမ်း နိုင် သလို အမြဲတမ်း လည်း စစ် မှု မ ထမ်း မ နေရ ဘဲ သူတို့ နိုင်ငံသား တွေ လို့ ကျ န ော် ယုံကြည် ပါတယ်။
False,▁သူမ ▁ပြန် ပြုံး ပြ သည်။,သူမ ပြန် ပြုံး ပြ ပြ သည်။,သူမ ပြန် ပြုံး ပြ ပြ ပြ ပြ ပြ သည်။
False,▁He al th ▁Ca re ▁F in an cin g ▁A d min ist rat ion ▁မှ ▁Act u ary ▁ ရုံး ၏ ▁အဆိုအရ ▁ 75 ▁နှစ် တာ ကာလ အတွင်း ▁H I ▁အကျိုးကျေးဇူး များကို ▁ရန်ပုံငွေ တစ်ခုတည်း အတွက် ▁လိုအပ်သော ▁ခန့်မှန်းခြေ အ သား တင် ▁ပ စ္စ ု ပ ္ ပန် တန်ဖိုး သည် ▁4 ▁ဒေါ်လာ ဖြစ်သည်။,He al th Ca re F in an cin g A d min ist rat ion မှ Act u ary ရုံး ၏ အဆိုအရ 75 နှစ် တာ ကာလ အတွင်း H I အကျိုးကျေးဇူး များကို ရန်ပုံငွေ တစ်ခုတည်း အတွက် လိုအပ်သော ခန့်မှန်းခြေ အ သား တင် ပ စ္စ ု ပ ္ ပန် တန်ဖိုး သည် 4 ဒေါ်လာ ဖြစ်သည်။,He al th Ca re F in an cin g A d min ist rat ion မှ Act u ary ရုံး ၏ အဆိုအရ 75 နှစ် တာ ကာလ အတွင်း H I အကျိုးကျေးဇူး များကို ရန်ပုံငွေ တစ်ခုတည်း အတွက် လိုအပ်သော ခန့်မှန်းခြေ အ သား တင် ပ စ္စ ု ပ ္ ပန် တန်ဖိုး သည် 4 ဒေါ်လာ ဖြစ်သည်။
False,▁ထို့ကြောင့် ၊ ▁ တရားစွဲဆို ရေး ဝန်ဆောင်မှုများ နှင့် စပ် လျ ဉ် း ၍ ▁ကွန်ဂရက် မှ ▁ရန်ပုံငွေ ထောက်ပံ့ ထားပြီး ၊ ▁စည်းရုံး ရေး ကွန် ဂ ရက် ၏ ▁ထုတ်ဖော် ပြောဆို မှုအတွက် ▁ကန့်သတ် ရန် နည်းလမ်း မရှိပေ။,ထို့ကြောင့် ၊ တရားစွဲဆို ရေး ဝန်ဆောင်မှုများ နှင့် စပ် လျ ဉ် း ၍ ကွန်ဂရက် မှ ရန်ပုံငွေ ထောက်ပံ့ ထားပြီး ၊ စည်းရုံး ရေး ကွန် ဂ ရက် ၏ ထုတ်ဖော် ပြောဆို မှုအတွက် ကန့်သတ် ရန် နည်းလမ်း မရှိပေ။,ထို့ကြောင့် ၊ တရားစွဲဆို ရေး ဝန်ဆောင်မှုများ နှင့် စပ် လျ ဉ် း ၍ ကွန်ဂရက် မှ ရန်ပုံငွေ ထောက်ပံ့ ထားပြီး ၊ စည်းရုံး ရေး ကွန် ဂ ရက် ၏ ထုတ်ဖော် ပြောဆို မှုအတွက် ကန့်သတ် ရန် နည်းလမ်း မရှိပေ။
False,▁ဒါကို ▁ဘယ်လို ပြင် ရ မလဲ။ ',ဒါကို ဘယ်လို ပြင် ရ မလဲ။ ' ',ဒါကို ဘယ်လို ပြင် ရ မလဲ။ ' ' '
False,▁ဒါ ▁ ပေမယ့် ▁အဲဒါက ▁အရမ်း စီစဉ် ▁ ရတာ ▁ ပေါ့ ။,ဒါ ပေမယ့် အဲဒါက အရမ်း စီစဉ် ရတာ ပေါ့ ။,ဒါ ပေမယ့် အဲဒါက အရမ်း စီစဉ် ရတာ ပေါ့ ။
False,▁ကျွန်ုပ်၏ ဟော ပြော ပွဲ တွင် ▁မ ော် နီ ကာ ကို ▁မ ဖော်ပြထား သော်လည်း ▁ကျွန်ုပ် မေး ခဲ့သော ▁ပထမဆုံး မေးခွန်း မှာ ▁ မို နီ ကာ လီ ဝင် စ က ီး ကိစ္စ ကြောင့် ▁ဖြစ်ပေါ်လာ သော ▁အနှောင့်အယှက် အားလုံးကို ▁သမ္မတ က လင် တန် က ▁မည်သို့ လုပ်ဆောင် နိုင် မည်နည်း။,ကျွန်ုပ်၏ ဟော ပြော ပွဲ တွင် မ ော် နီ ကာ ကို မ ဖော်ပြထား သော်လည်း ကျွန်ုပ် မေး ခဲ့သော ပထမဆုံး မေးခွန်း မှာ မို နီ ကာ လီ ဝင် စ က ီး ကိစ္စ ကြောင့် ဖြစ်ပေါ်လာ သော အနှောင့်အယှက် အားလုံးကို သမ္မတ က လင် တန် က မည်သို့ လုပ်ဆောင် နိုင် မည်နည်း။,ကျွန်ုပ်၏ ဟော ပြော ပွဲ တွင် မ ော် နီ ကာ ကို မ ဖော်ပြထား သော်လည်း ကျွန်ုပ် မေး ခဲ့သော ပထမဆုံး မေးခွန်း မှာ မို နီ ကာ လီ ဝင် စ က ီး ကိစ္စ ကြောင့် ဖြစ်ပေါ်လာ သော အနှောင့်အယှက် အားလုံးကို သမ္မတ က လင် တန် က မည်သို့ လုပ်ဆောင် နိုင် မည်နည်း။
False,▁မြို့တွင်း ပို့ ဆောင် ရေး ဝန်ဆောင်မှုပေးသူ များအတွက် ▁ငွေ တန်ဖိုး ၊ ▁ လောင် စာ ဆီ နှင့် ▁ပြုပြင် ထိန်းသိမ်း မှု များအတွက် ▁စာတိုက်ဝန်ဆောင် မှု အကောင့် များကို ▁ပိုင်းခြား စိတ် ဖြ ာ ခြင်းဖြင့် ▁လမ်းကြောင်း တစ် ကြောင်း အတွက် ▁ပျမ်းမျှ မြို့ တွင်း ပို့ ဆောင် ရေး ယာဉ် ကုန်ကျစရိတ် ကို ▁ခန့်မှန်း ထားပါသည်။,မြို့တွင်း ပို့ ဆောင် ရေး ဝန်ဆောင်မှုပေးသူ များအတွက် ငွေ တန်ဖိုး ၊ လောင် စာ ဆီ နှင့် ပြုပြင် ထိန်းသိမ်း မှု များအတွက် စာတိုက်ဝန်ဆောင် မှု အကောင့် များကို ပိုင်းခြား စိတ် ဖြ ာ ခြင်းဖြင့် လမ်းကြောင်း တစ် ကြောင်း အတွက် ပျမ်းမျှ မြို့ တွင်း ပို့ ဆောင် ရေး ယာဉ် ကုန်ကျစရိတ် ကို ခန့်မှန်း ထားပါသည်။,မြို့တွင်း ပို့ ဆောင် ရေး ဝန်ဆောင်မှုပေးသူ များအတွက် ငွေ တန်ဖိုး ၊ လောင် စာ ဆီ နှင့် ပြုပြင် ထိန်းသိမ်း မှု များအတွက် စာတိုက်ဝန်ဆောင် မှု အကောင့် များကို ပိုင်းခြား စိတ် ဖြ ာ ခြင်းဖြင့် လမ်းကြောင်း တစ် ကြောင်း အတွက် ပျမ်းမျှ မြို့ တွင်း ပို့ ဆောင် ရေး ယာဉ် ကုန်ကျစရိတ် ကို ခန့်မှန်း ထားပါသည်။
False,▁ဘာကြောင့် လဲ ▁ ဆိုတော့ ▁ဒါက ▁ကျွန်တော့်ရဲ့ ▁ ငယ် ဘဝ ▁စိတ်ကူး ထဲမှာ ▁ကစား နေ လို့ ပါ။,ဘာကြောင့် လဲ ဆိုတော့ ဒါက ကျွန်တော့်ရဲ့ ငယ် ဘဝ စိတ်ကူး ထဲမှာ ကစား နေ လို့ ပါ။,ဘာကြောင့် လဲ ဆိုတော့ ဒါက ကျွန်တော့်ရဲ့ ငယ် ဘဝ စိတ်ကူး ထဲမှာ ကစား နေ လို့ ပါ။
False,▁ နှ ေး တယ် ▁ဟေ့ ▁အခု ▁စျေးကွက် မှာ ▁ပိုကောင်း တဲ့ ▁စက် တွေ ▁အများကြီး ▁ ရှိတယ်။,နှ ေး တယ် ဟေ့ အခု စျေးကွက် မှာ ပိုကောင်း တဲ့ စက် တွေ အများကြီး ရှိတယ်။,နှ ေး တယ် ဟေ့ အခု စျေးကွက် မှာ ပိုကောင်း တဲ့ စက် တွေ အများကြီး ရှိတယ်။
False,▁ သန့်ရှင်း ရာ ဌာန ၏ အလယ် ဗဟို တွင်၊ ▁တစ်ချိန်က ▁Ho ru s ▁၏ မြင့် မြတ် သော ▁bar que ▁ကို ကိုင် ဆောင် ထားသည့် သေး ငယ် သော ကျောက် တုံး ဗိမာန် တစ်ခုရှိသည်။,သန့်ရှင်း ရာ ဌာန ၏ အလယ် ဗဟို တွင်၊ တစ်ချိန်က Ho ru s ၏ မြင့် မြတ် သော bar que ကို ကိုင် ဆောင် ထားသည့် သေး ငယ် သော ကျောက် တုံး ဗိမာန် တစ်ခုရှိသည်။,သန့်ရှင်း ရာ ဌာန ၏ အလယ် ဗဟို တွင်၊ တစ်ချိန်က Ho ru s ၏ မြင့် မြတ် သော bar que ကို ကိုင် ဆောင် ထားသည့် သေး ငယ် သော ကျောက် တုံး ဗိမာန် တစ်ခုရှိသည်။
False,▁U ni t ed ▁St ate s ▁Post al ▁Service ▁ကို ▁ သုံးသပ် ကြည့်ပါ။,U ni t ed St ate s Post al Service ကို သုံးသပ် ကြည့်ပါ။,U ni t ed St ate s Post al Service ကို သုံးသပ် ကြည့်ပါ။
False,▁ ဝတ်စုံ ပြည့် နဲ့ ။,ဝတ်စုံ ပြည့် နဲ့ ။ ။,ဝတ်စုံ ပြည့် နဲ့ ။ ။ ။
False,▁သင့် ခရီး သည် ▁ခက်ခဲ မည်ဖြစ်ပြီး ▁တစ်ခါတစ်ရံ တွင် ▁သင့် ကိုယ် သင် ▁သံသယ ဖြစ် တတ် သော်လည်း ▁ဖောက်သည် များအတွက် ▁အကျိုးကျေးဇူး များသည် ▁ ထိုက် တန် ပြီး ▁စနစ် သစ် သည် ▁ယခင်က ထက် ▁ပိုကောင်း သည်ဟု ▁သဘောထား ကွဲ လွဲ သူ အများစု ကို ပင် ▁ကြား နာ ရ ခြင်း၏ ▁ ကျေနပ် မှုသည် ▁ နက် နက်ရှိုင်း ရှ ိုင်း ပင် ▁ဖြစ်သည်။ ▁ ဆု လာ ဘ် ။,သင့် ခရီး သည် ခက်ခဲ မည်ဖြစ်ပြီး တစ်ခါတစ်ရံ တွင် သင့် ကိုယ် သင် သံသယ ဖြစ် တတ် သော်လည်း ဖောက်သည် များအတွက် အကျိုးကျေးဇူး များသည် ထိုက် တန် ပြီး စနစ် သစ် သည် ယခင်က ထက် ပိုကောင်း သည်ဟု သဘောထား ကွဲ လွဲ သူ အများစု ကို ပင် ကြား နာ ရ ခြင်း၏ ကျေနပ် မှုသည် နက် နက်ရှိုင်း ရှ ရှ ိုင်း ပင် ဖြစ်သည်။ ဆု လာ ဘ် ။,သင့် ခရီး သည် ခက်ခဲ မည်ဖြစ်ပြီး တစ်ခါတစ်ရံ တွင် သင့် ကိုယ် သင် သံသယ ဖြစ် တတ် သော်လည်း ဖောက်သည် များအတွက် အကျိုးကျေးဇူး များသည် ထိုက် တန် ပြီး စနစ် သစ် သည် ယခင်က ထက် ပိုကောင်း သည်ဟု သဘောထား ကွဲ လွဲ သူ အများစု ကို ပင် ကြား နာ ရ ခြင်း၏ ကျေနပ် မှုသည် နက် နက်ရှိုင်း ရှ ရှ ရှ ရှ ိုင်း ပင် ဖြစ်သည်။ ဆု လာ ဘ် ။
False,▁S he s ol ▁ကိုးကား သော ▁ မှတ် သား ဖွယ်ရာ ▁က ိန်း ဂဏန်း တစ်ခုကို ▁ယူ ပါ၊ ▁သို့သော် ▁အတော်လေး ▁မ ဆန်း စစ် ဘဲ ▁ကျော် သွား ပါစေ ။,S he s ol ကိုးကား သော မှတ် သား ဖွယ်ရာ က ိန်း ဂဏန်း တစ်ခုကို ယူ ပါ၊ သို့သော် အတော်လေး မ ဆန်း စစ် ဘဲ ကျော် သွား ပါစေ ။,S he s ol ကိုးကား သော မှတ် သား ဖွယ်ရာ က ိန်း ဂဏန်း တစ်ခုကို ယူ ပါ၊ သို့သော် အတော်လေး မ ဆန်း စစ် ဘဲ ကျော် သွား ပါစေ ။ ။ ။
False,▁ ကင် တပ် ကီ နှင့် ▁အ င် ဒီ ယာ း နား တွင် ▁နေထိုင် သူ ▁သန်း ဝက် လက် သို့ ▁ယခု လ အတွင်း ▁ဒေါ်လာ ထောင် ပေါင်းများစွာ ▁မ မျှော်လင့် ဘဲ ▁မကြာခဏဆိုသလို ▁ကျဆင်းသွား သည့် ▁ကောင်းကင် မှ ▁မ န ္ န မုန့် နှင့် တူ ပုံရသည်။,ကင် တပ် ကီ နှင့် အ င် ဒီ ယာ း နား တွင် နေထိုင် သူ သန်း ဝက် လက် သို့ ယခု လ အတွင်း ဒေါ်လာ ထောင် ပေါင်းများစွာ မ မျှော်လင့် ဘဲ မကြာခဏဆိုသလို ကျဆင်းသွား သည့် ကောင်းကင် မှ မ န ္ န မုန့် နှင့် တူ ပုံရသည်။,ကင် တပ် ကီ နှင့် အ င် ဒီ ယာ း နား တွင် နေထိုင် သူ သန်း ဝက် လက် သို့ ယခု လ အတွင်း ဒေါ်လာ ထောင် ပေါင်းများစွာ မ မျှော်လင့် ဘဲ မကြာခဏဆိုသလို ကျဆင်းသွား သည့် ကောင်းကင် မှ မ န ္ န မုန့် နှင့် တူ ပုံရသည်။
False,▁လူတစ်ဦးချင်းစီ သည် ▁၎င်းတို့၏ အချိန် များကို ▁ရင်းနှီး မြ ှ ပ် နှံ ရန် ▁ ရယူ ပြီး ▁ရန်ပုံငွေ များ ▁ လိုက် ပါ လာ မည်ဖြစ်သည်။,လူတစ်ဦးချင်းစီ သည် ၎င်းတို့၏ အချိန် များကို ရင်းနှီး မြ ှ ပ် နှံ ရန်,လူတစ်ဦးချင်းစီ သည် ၎င်းတို့၏ အချိန် များကို ရင်းနှီး မြ ှ ပ် နှံ ရန်
False,▁ဒေါ်လာ တစ် သော င်း သုံး နိုင် တာကြောင့် ▁ဗီဒီယို ကင် မ ရာ တစ်လုံး ရှိ ဖို့ ▁မကြာခဏ တွေး နေ ပေမယ့် ▁B ur t ▁Re yn old s ▁နဲ့ ▁E ve nin g ▁S ha de ▁ လို မျိုး ▁ အရာတွေကို ▁ ကြိုက်တယ် ▁အဲဒါကို ▁အရမ်း ကြိုက် တယ်။,ဒေါ်လာ တစ် သော င်း သုံး နိုင် တာကြောင့် ဗီဒီယို ကင် မ ရာ တစ်လုံး ရှိ ဖို့ မကြာခဏ တွေး နေ ပေမယ့် B ur t Re yn old s နဲ့ E ve nin g S ha de လို မျိုး အရာတွေကို ကြိုက်တယ် အဲဒါကို အရမ်း ကြိုက် တယ်။,ဒေါ်လာ တစ် သော င်း သုံး နိုင် တာကြောင့် ဗီဒီယို ကင် မ ရာ တစ်လုံး ရှိ ဖို့ မကြာခဏ တွေး နေ ပေမယ့် B ur t Re yn old s နဲ့ E ve nin g S ha de လို မျိုး အရာတွေကို ကြိုက်တယ် အဲဒါကို အရမ်း ကြိုက် တယ်။
False,▁မြေပြင် က လူ က ▁ခဏလောက် စဉ်းစား ပြီး ▁ပြန် အော် တယ်၊ ▁မင်း စီမံခန့်ခွဲမှု မှာ ▁အလုပ်လုပ် ရမယ်။,မြေပြင် က လူ က ခဏလောက် စဉ်းစား ပြီး ပြန် အော် တယ်၊ မင်း စီမံခန့်ခွဲမှု မှာ အလုပ်လုပ် ရမယ်။,မြေပြင် က လူ က ခဏလောက် စဉ်းစား ပြီး ပြန် အော် တယ်၊ မင်း စီမံခန့်ခွဲမှု မှာ အလုပ်လုပ် ရမယ်။
False,▁မည်သို့ ပင်ဆိုစေကာမူ ၊ ▁အကဲဖြတ် မေးခွန်း သည် ▁မည်မျှ ကျေနပ် ဖွယ် တိုးတက်မှု ဖြစ်သည် ▁သို့မဟုတ် ▁အကောင်အထည်ဖော် မှု ပြဿနာ များအတွက် ▁အကြောင်းရင်း များကို ▁GAO ▁အား ▁အစီရင်ခံ ရန် ▁လိုအပ် ပါက၊ ▁အချိန် ကြာ လာသည်နှင့်အမျှ ▁site ▁ ပေါ်တွင် ရှိ နိုင်သော ဝန်ထမ်းများ ၊ ▁ အရေအတွက် များ သလောက် ▁အခြေအနေ ကို ▁ဆန်းစစ် ရန်အတွက် ▁ ric H e ▁၏ ▁အ ထူ ဆုံး ▁သို့မဟုတ် ▁အ ထူ ဆုံး အခြေခံ ဖြင့် ၊ ▁ပါဝင် ပတ်သက် သူများသည် ▁၎င်းကို မြင် သည်၊ ▁ကျွန်ုပ်တို့၏ ▁ကျိုးကြောင်း ဆီလျော် သော ▁ကောက် ချက် များနှင့် ▁နောက် ဆက် တွဲ ▁အကြံပြုချက်များ သည် ▁ပိုမို ခိုင်မာ လာ ပါ လိမ့်မည်။,H e ၏ အ ထူ ဆုံး သို့မဟုတ် အ ထူ ဆုံး သို့မဟုတ် အ ထူ ဆုံး အခြေခံ ဖြင့် ၊ ပါဝင် ပတ်သက် သူများသည် ၎င်းကို မြင် သည်၊ ကျွန်ုပ်တို့၏ ကျိုးကြောင်း ဆီလျော် သော ကောက် ချက် များနှင့် နောက် ဆက် တွဲ အကြံပြုချက်များ သည် ပိုမို ခိုင်မာ လာ ပါ လိမ့်မည်။,H e ၏ အ ထူ ဆုံး သို့မဟုတ် အ ထူ ဆုံး သို့မဟုတ် အ ထူ ဆုံး သို့မဟုတ် အ ထူ ဆုံး အခြေခံ ဖြင့် ၊ ပါဝင် ပတ်သက် သူများသည် ၎င်းကို မြင် သည်၊ ကျွန်ုပ်တို့၏ ကျိုးကြောင်း ဆီလျော် သော ကောက် ချက် များနှင့် နောက် ဆက် တွဲ အကြံပြုချက်များ သည် ပိုမို ခိုင်မာ လာ ပါ လိမ့်မည်။
False,▁စီးပွားရေး လည်း ▁ပိုကောင်း လာ နိုင်တယ်။,စီးပွားရေး လည်း ပိုကောင်း လာ နိုင်တယ်။,စီးပွားရေး လည်း ပိုကောင်း လာ နိုင်တယ်။ ။
False,▁အထူးသဖြင့် ▁ ဂျ ိန်း အ ယူ ဝါဒ တွင် ▁ တောင်တန်းများ နှင့် ▁တောင် များကို ▁ သန့်ရှင်း စေပါသည်။,ဂျ ိန်း အ ယူ ဝါဒ,ဂျ ိန်း အ ယူ ဝါဒ
False,▁ကျော်ကြား သော ▁အိမ် ရာ များ ▁( သို့ မဟုတ် ) ▁မြေ များကို ▁စတင် တည်ဆောက် ခဲ့သည်။,ကျော်ကြား သော အိမ် ရာ များ ( သို့ မဟုတ် ) မြေ,ကျော်ကြား သော အိမ် ရာ များ ( သို့ မဟုတ် ) မြေ
False,▁ဤ အံ့သြ ဖွယ်ကောင်းသော ▁ယဉ်ကျေးမှု များ ▁ပေါင်းစပ် မှု အလယ် တွင် ▁ဆက်လက် တည် မြ ဲ ရန် ▁ စိတ်အားထက်သန် မှု တစ်ခုဖြစ်သည်။,ဤ အံ့သြ ဖွယ်ကောင်းသော ယဉ်ကျေးမှု အလယ် တွင် ဆက်လက် တည် မြ ဲ ရန် စိတ်အားထက်သန် မှု တစ်ခုဖြစ်သည်။,ဤ အံ့သြ ဖွယ်ကောင်းသော ယဉ်ကျေးမှု အလယ် တွင် ဆက်လက် တည် မြ ဲ ရန် စိတ်အားထက်သန် မှု တစ်ခုဖြစ်သည်။
False,▁မြင် း ဆွဲ ယာဉ် အဖြစ် ▁ စင် မြင့် ထက် တွင် ▁ ဘေး ဖယ် ထား ကာ ▁လူကြိုက်များ သော ▁အ မွှေး အ ကြ ိုင် ပစ္စည်းများ ၊ ▁ဒ ုံ း ပျံ တစ် ပိုင်း နှင့် ▁New s ▁ Q u i z ▁ပါဝင်သူများ ထံမှ ▁အခမဲ့ စီး နင်း ခွင့် ရ ပုံ ရ သည့် ▁Ga il ▁S he e hy ▁( G a il ▁S he e hy ) ▁ကို ▁ လှ ောင် ပြောင် ရန် ▁ အခွင့်အရေး တစ်ခု ▁ဤ မေးခွန်း သည် ▁တီထွင် မှုကို ▁တောင်းဆို ခဲ့သည် ၊ ▁ ကြမ်းတမ်း တဲ့ ▁ ပြဇာတ် ပွဲ ၊ ▁ဒါက ▁မ လွယ် ဘူး။,မြင် း ဆွဲ ယာဉ် အဖြစ် စင် မြင့် ထက် တွင် ဘေး ဖယ် ထား ကာ လူကြိုက်များ သော အ မွှေး အ ကြ ိုင် ပစ္စည်းများ ၊ ဒ ုံ း ပျံ တစ် ပိုင်း နှင့် New s Q u i z ပါဝင်သူများ ထံမှ အခမဲ့ စီး နင်း ခွင့် ရ ပုံ ရ သည့် Ga il S he e hy ( G a il S he e hy ) ကို လှ ောင် ပြောင် ရန် အခွင့်အရေး,မြင် း ဆွဲ ယာဉ် အဖြစ် စင် မြင့် ထက် တွင် ဘေး ဖယ် ထား ကာ လူကြိုက်များ သော အ မွှေး အ ကြ ိုင် ပစ္စည်းများ ၊ ဒ ုံ း ပျံ တစ် ပိုင်း နှင့် New s Q u i z ကို လှ ောင် ပြောင် ရန် အခွင့်အရေး
False,▁တိုက်ခန်း ပိုင်ရှင် ထံ ▁ လျှောက် လဲ ချက် သည် ▁မည်သည့် နေရာ မှ ▁မ ရောက် ပါ။,တိုက်ခန်း ပိုင်ရှင် ထံ လျှောက် လဲ ချက်,တိုက်ခန်း ပိုင်ရှင် ထံ လျှောက် လဲ ချက် ချက်
False,▁မစ္စစ် ကာ ဗ င် ဒ စ် သည် ▁ ယ ော က ္ ခ မ ၏ အခန်း တွင် ▁ရှိနေ သည်။,မစ္စစ် ကာ ဗ င် ဒ စ် သည် ယ ော က ္ ခ မ ၏ အခန်း တွင် ရှိနေ သည်။,မစ္စစ် ကာ ဗ င် ဒ စ် သည် ယ ော က ္ ခ မ ၏ အခန်း တွင် ရှိနေ သည်။
False,▁ဒါပေမယ့် ▁မင်း ▁က ော် ဖီ သောက် မယ်လို့ ▁ငါ ထင် ခဲ့တယ်။,ဒါပေမယ့် မင်း က ော် ဖီ သောက် မယ်လို့ ငါ ထင်,ဒါပေမယ့် မင်း က ော် ဖီ သောက် မယ်လို့ ငါ ထင်
False,▁ငါတို့က ▁တ ချိန် လုံး ▁ နံ တယ်။,ငါတို့က တ ချိန် လုံး နံ တယ်။,ငါတို့က တ ချိန် လုံး နံ တယ်။
False,▁ပို ပို ၍ ▁ မှီခို နေရ သော ▁ကမ္ဘာ ကြီး တွင်၊ ▁အမေရိကန် လူမျိုးများ အပေါ် ▁သက်ရောက်မှုရှိ သော ▁ပြဿနာ များစွာကို ▁အခြား နိုင်ငံ များနှင့် ▁ပ ူး ပေါင်း ဆောင်ရွက် ခြင်းဖြင့် သာ ▁က ိုင်တွယ်ဖြေရှင်း နိုင်ပါသည်။,ပို ပို ၍ မှီခို နေရ သော ကမ္ဘာ ကြီး တွင်၊ အမေရိကန် လူမျိုးများ အပေါ် သက်ရောက်မှုရှိ သော ပြဿနာ များစွာကို အခြား နိုင်ငံ များနှင့် ပ ူး ပေါင်း ဆောင်ရွက် ခြင်းဖြင့် သာ က ိုင်တွယ်ဖြေရှင်း နိုင်ပါသည်။,ပို ပို ၍ မှီခို နေရ သော ကမ္ဘာ ကြီး တွင်၊ အမေရိကန် လူမျိုးများ အပေါ် သက်ရောက်မှုရှိ သော ပြဿနာ များစွာကို အခြား နိုင်ငံ များနှင့် ပ ူး ပေါင်း ဆောင်ရွက် ခြင်းဖြင့် သာ က ိုင်တွယ်ဖြေရှင်း နိုင်ပါသည်။
False,▁Ca ' daan ▁က ▁ဆက် ပြော သည် ▁။,Ca ' daan က ဆက် ပြော သည် ။,Ca ' daan က ဆက် ပြော သည် ။
False,▁စည်းမျဉ်း တွင် ▁ကလေး ရုပ် မြင် သံ ကြား ▁အစီအစဉ် အစီရင်ခံစာ ပါရှိသော ▁အများသူငှာ ▁စစ်ဆေး ခြင်းအတွက် ▁ ရုပ် သံ လွှင့် သူများကို ▁ထိန်းသိမ်းထား ရန်နှင့် ▁ထို အစီအစဉ်များ ၏ အစ တွင် ▁ကလေး များအား ▁ ပညာ ပေး ရန်နှင့် ▁အသိပေး ရန် ▁အထူး ဒီဇိုင်း ထုတ် ထားသော ▁ပရိုဂရမ် များကို ▁ခွဲခြားသတ်မှတ် ရန်နှင့် ▁ပရိုဂရမ် လမ်းညွှန် များကို ▁ ထုတ်ဝေ သူများထံ ▁ထို အချက်အလက်များကို ▁ပေးဆောင် ရန် ▁လိုအပ်သည်။,စည်းမျဉ်း တွင် ကလေး ရုပ် မြင် သံ ကြား အစီအစဉ် အစီရင်ခံစာ ပါရှိသော အများသူငှာ စစ်ဆေး ခြင်းအတွက် ရုပ် သံ လွှင့် သူများကို ထိန်းသိမ်းထား ရန်နှင့် ထို အစီအစဉ်များ ၏ အစ တွင် ကလေး များအား ပညာ ပေး ရန်နှင့် အသိပေး ရန် အထူး ဒီဇိုင်း ထုတ် ထားသော ပရိုဂရမ် များကို ခွဲခြားသတ်မှတ် ရန်နှင့် ပရိုဂရမ် လမ်းညွှန် များကို ထုတ်ဝေ သူများထံ ထို အချက်အလက်များကို ပေးဆောင် ရန် လိုအပ်သည်။,စည်းမျဉ်း တွင် ကလေး ရုပ် မြင် သံ ကြား အစီအစဉ် အစီရင်ခံစာ ပါရှိသော အများသူငှာ စစ်ဆေး ခြင်းအတွက် ရုပ် သံ လွှင့် သူများကို ထိန်းသိမ်းထား ရန်နှင့် ထို အစီအစဉ်များ ၏ အစ တွင် ကလေး များအား ပညာ ပေး ရန်နှင့် အသိပေး ရန် အထူး ဒီဇိုင်း ထုတ် ထားသော ပရိုဂရမ် များကို ခွဲခြားသတ်မှတ် ရန်နှင့် ပရိုဂရမ် လမ်းညွှန် များကို ထုတ်ဝေ သူများထံ ထို အချက်အလက်များကို ပေးဆောင် ရန် လိုအပ်သည်။
False,▁ ဆောင်း တွင်း ကျ ရင် ▁ဘယ်လောက် ပူ တယ်ဆိုတာ ▁ပြော ချင် တာက ▁အ အေး ဆုံး က ▁ ဆောင်း တွင်း မှာ ဆိုတော့ ▁ဘယ်လောက် ပူ လဲ။,အ အေး ဆုံး က ဆောင်း တွင်း မှာ ဆိုတော့ ဘယ်လောက် ပူ လဲ။,အ အေး ဆုံး က ဆောင်း တွင်း မှာ ဆိုတော့ ဘယ်လောက် ပူ လဲ။
False,▁အမျိုးသား တစ်ဦး စီ သည် ▁ သား ရေ ချပ် ဝတ် တန် ဆာ ကို ▁ ဝတ် ဆင် ကြပြီး ▁လေး လံ သော ▁မြင်းစီး သည့် ပုံစံ ကို ▁ ဝတ် ဆင် ကြသည်။,အမျိုးသား တစ်ဦး စီ သည် သား ရေ ချပ် ဝတ် တန် ဆာ ကို,အမျိုးသား တစ်ဦး စီ သည် သား ရေ ချပ် ဝတ် တန် ဆာ ကို
False,▁အဲဒီ လူ က ▁ချက်ချင်း သေ သင့်တယ်။,အဲဒီ လူ က ချက်ချင်း သေ သင့်တယ်။,အဲဒီ လူ က ချက်ချင်း သေ သင့်တယ်။
False,▁နွေရာသီ တွင် ▁ ဆန် သည် ▁အစိမ်းရောင် ▁က တ္တ ီ ပါ စောင် ပုံစံ ဖြစ်ပြီး ▁ ရင့် မှ ည ့် ပြီး ▁ ရိတ် သိမ်း ချိန် တွင် ▁ ဆောင်း ဦး တွင် ▁ရွှေ ရောင် ပြောင်း သည်။,နွေရာသီ တွင် ဆန် သည် အစိမ်းရောင် က တ္တ ီ ပါ စောင် ပုံစံ ဖြစ်ပြီး ရင့် မှ ည ့် ပြီး ရိတ် သိမ်း ချိန် တွင် ဆောင်း ဦး တွင် ရွှေ ရောင် ပြောင်း သည်။,နွေရာသီ တွင် ဆန် သည် အစိမ်းရောင် က တ္တ ီ ပါ စောင် ပုံစံ ဖြစ်ပြီး ရင့် မှ ည ့် ပြီး ရိတ် သိမ်း ချိန် တွင် ဆောင်း ဦး တွင် ရွှေ ရောင် ပြောင်း သည်။
False,▁Da i ly ▁W ork er ▁နှင့် ▁New ▁M asse s ▁၊ ▁19 30 ▁ခုနှစ် များမှ ▁ဆို ရှ ယ် လစ် စာတမ်း များကို ▁ မာ ့ က်စ် နှင့် ▁အ ိန် ဂျ ယ် များ၏ ▁ကိုးကား ချက် များဖြင့် ▁ င ြ ိ စွန်း နေ သကဲ့သို့ ▁E duc at ion al ▁Li b er ator ▁သည် ▁၎င်းတို့၏ ▁လစ်ဘရယ် ဝါဒီ များ ဖြစ်သည့် ▁F ri ed ri ch ▁Ha y ek ▁နှင့် ▁Lu d w ig ▁v on ▁Mi s es ▁ တို့ကို ▁ရည်ညွှန်း ခြင်းဖြင့် ▁ င ြ ိ စွန်း နေပါသည်။,Da i ly W ork er နှင့် New M asse s ၊ 19 30 ခုနှစ် များမှ ဆို ရှ ယ် လစ် စာတမ်း များကို မာ ့ က်စ် နှင့် အ ိန် ဂျ ယ် များ၏ ကိုးကား ချက် များဖြင့် င ြ ိ စွန်း နေ သကဲ့သို့ E duc at ion al Li b er ator သည် ၎င်းတို့၏ လစ်ဘရယ် ဝါဒီ များ ဖြစ်သည့် F ri ed ri ch Ha y ek နှင့် Lu d w ig v on Mi s es တို့ကို ရည်ညွှန်း ခြင်းဖြင့် င ြ ိ စွန်း နေပါသည်။,Da i ly W ork er နှင့် New M asse s ၊ 19 30 ခုနှစ် များမှ ဆို ရှ ယ် လစ် စာတမ်း များကို မာ ့ က်စ် နှင့် အ ိန် ဂျ ယ် များ၏ ကိုးကား ချက် များဖြင့် င ြ ိ စွန်း နေ သကဲ့သို့ E duc at ion al Li b er ator သည် ၎င်းတို့၏ လစ်ဘရယ် ဝါဒီ များ ဖြစ်သည့် F ri ed ri ch Ha y ek နှင့် Lu d w ig v on Mi s es တို့ကို ရည်ညွှန်း ခြင်းဖြင့် င ြ ိ စွန်း နေပါသည်။
False,"▁မည်သည့် ▁ချ ယ် လှ ယ် သည့်အရာ မဆို ▁စစ်မှန်သော ▁ ဆောင်း ပါး ဖြစ်သည် ▁( ယ ု တ် ည ံ့ သော ▁တင်သွင်း မှု ▁သို့မဟုတ် ▁စက် ဖြင့် ပြုလုပ် သည့် ▁အပိုင်း နှင့် ▁ဆန့်ကျင်ဘက် ) ▁သေချာစေရန် ▁In s ti tu to ▁de ▁Bo rd ado , ▁Ta pe car as ▁e ▁မှ ▁အသိအမှတ်ပြု ထားသည့် ▁M ▁ပါ သော ▁ ခဲ တံ တံဆိပ် ကို ▁ ရှာ ကြည့် ပါ၊ ▁Ar te ? s ana to ▁da ▁Madeira ▁( I n stitute ▁of ▁Madeira n ▁ ပန်း ထိုး ၊ ▁ ချည် ထည် နှင့် ▁လက် မှု ပညာ ) ၊ ▁Ru a ▁Vi s con de ▁de ▁An ad ia ၊ ▁4 4 ▁နှစ် တွင် ▁အရောင်း ပြခန်း / ပြတိုက် တစ်ခုရှိ သည့် ▁တရားဝင် ကျွန်း အဖွဲ့အစည်း ဖြစ်သည်။","မည်သည့် ချ ယ် လှ ယ် သည့်အရာ မဆို စစ်မှန်သော ဆောင်း ပါး ဖြစ်သည် ( ယ ု တ် ည ံ့ သော တင်သွင်း မှု သို့မဟုတ် စက် ဖြင့် ပြုလုပ် သည့် အပိုင်း နှင့် ဆန့်ကျင်ဘက် ) သေချာစေရန် In s ti tu to de Bo rd ado , Ta pe car as e မှ အသိအမှတ်ပြု ထားသည့် M ပါ သော ခဲ တံ တံဆိပ် ကို ရှာ ကြည့် ပါ၊ Ar te ? s ana to da Madeira ( I n stitute of Madeira n ပန်း ထိုး ၊ ချည် ထည် နှင့် လက် မှု ပညာ ) ၊ Ru a Vi s con de de An ad ia ၊ 4 4 နှစ် တွင် အရောင်း ပြခန်း / ပြတိုက် တစ်ခုရှိ သည့် တရားဝင် ကျွန်း အဖွဲ့အစည်း ဖြစ်သည်။","မည်သည့် ချ ယ် လှ ယ် သည့်အရာ မဆို စစ်မှန်သော ဆောင်း ပါး ဖြစ်သည် ( ယ ု တ် ည ံ့ သော တင်သွင်း မှု သို့မဟုတ် စက် ဖြင့် ပြုလုပ် သည့် အပိုင်း နှင့် ဆန့်ကျင်ဘက် ) သေချာစေရန် In s ti tu to de Bo rd ado , Ta pe car as e မှ အသိအမှတ်ပြု ထားသည့် M ပါ သော ခဲ တံ တံ တံဆိပ် ကို ရှာ ကြည့် ပါ၊ Ar te ? s ana to da Madeira ( I n stitute of Madeira n ပန်း ထိုး ၊ ချည် ထည် နှင့် လက် မှု ပညာ ) ၊ Ru a Vi s con de de An ad ia ၊ 4 4 နှစ် တွင် အရောင်း ပြခန်း / ပြတိုက် တစ်ခုရှိ သည့် တရားဝင် ကျွန်း အဖွဲ့အစည်း ဖြစ်သည်။"
False,▁ငါ ဒီ ▁M ul ti vis ta ▁ ထဲ မ ၀င် ပါဘူး၊ ▁ဘာလို့လဲဆိုတော့ ▁k se - fi ▁ လှိုင်း တွေနဲ့ ▁ကြက် သွန် ကြ ော် ရဲ့ ▁ရွှေ ရောင် အ သွေး နဲ့ ▁ နှ ိုင်း စာ ရင် ▁k se - fi ▁ လှိုင်း တွေနဲ့ ▁ နှ ိုင်း စာ ရင် ▁K uch a ra ▁ရဲ့ ▁ လှပ တဲ့ ▁နေ ရဲ့ ▁ hy p er ex ten s ion ▁နဲ့ ▁ နှ ိုင်း စာ ရင် ၊ ▁ ချမ်းသာ တဲ့ ▁ပိုက်ဆံ အိတ် ထဲက ▁အ ကြွ ေး အ မြ ှ ေး ပါး အတွက် ▁ပိုင်းခြား ထားတဲ့ ▁နို့ ဘူး ထဲမှာ ▁ ထည့်ထား တဲ့ ▁bri es s ant e ▁ လိပ် ရဲ့ ▁ကြီးကျယ်ခမ်းနား တဲ့ ▁အ န ံ့ နဲ့ ▁ နှ ိုင်း ယ ှ ဥ ် ကြည့် မယ်ဆိုရင် ▁ပျော်ရွှင် မှု ဟ ော် မုန်း တွေ ▁ ထုတ်လွှတ်မှု ကို ▁ မြှင့်တင် ပေး တဲ့ ▁ ဒြပ် ပေါင်း တွေနဲ့ ▁ပေါင်းစပ် ထားတဲ့ အတွက် ▁လွန်ခဲ့တဲ့ ▁နှစ် နှစ်လောက်က ▁သုံး မျိုး မဟုတ် ပဲ၊ ▁G on zo ▁က ▁ဆိုပါတယ်။ ▁သူ့ ဘဝ ပြဿနာ အတွက် ▁အဖြေ တစ်ခုကို ▁ ရှာတွေ့ ခဲ့တဲ့ ▁အမျိုးသား တစ်ယောက် အတွက် ▁လေ သံ သ ွ င် ပြင် နဲ့ ။,ငါ ဒီ M ul ti vis ta ထဲ မ ၀င် ပါဘူး၊ ဘာလို့လဲဆိုတော့ k se - fi လှိုင်း တွေနဲ့ ကြက် သွန် ကြ ော် ရဲ့ ရွှေ ရောင် အ သွေး နဲ့ နှ ိုင်း စာ ရင် k se - fi လှိုင်း တွေနဲ့ နှ ိုင်း စာ ရင် K uch a ra ရဲ့ လှပ တဲ့ နေ ရဲ့ hy p er ex ten s ion နဲ့ နှ ိုင်း စာ ရင် ၊ ချမ်းသာ တဲ့ ပိုက်ဆံ အိတ် ထဲက အ ကြွ ေး အ မြ ှ ေး ပါး အတွက် ပိုင်းခြား ထားတဲ့ နို့ ဘူး ထဲမှာ ထည့်ထား တဲ့ bri es s ant e လိပ် ရဲ့ ကြီးကျယ်ခမ်းနား တဲ့ အ န ံ့ နဲ့ နှ ိုင်း ယ ှ ဥ ် ကြည့် မယ်ဆိုရင် ပျော်ရွှင် မှု ဟ ော် မုန်း တွေ ထုတ်,ငါ ဒီ M ul ti vis ta ထဲ မ ၀င် ပါဘူး၊ ဘာလို့လဲဆိုတော့ k se - fi လှိုင်း တွေနဲ့ ကြက် သွန် ကြ ော် ရဲ့ ရွှေ ရောင် အ သွေး နဲ့ နှ ိုင်း စာ ရင် k se - fi လှိုင်း တွေနဲ့ နှ ိုင်း စာ ရင် K uch a ra ရဲ့ လှပ တဲ့ နေ ရဲ့ hy p er ex ten s ion နဲ့ နှ ိုင်း စာ ရင် ၊ ချမ်းသာ တဲ့ ပိုက်ဆံ အိတ် ထဲက အ ကြွ ေး အ မြ ှ ေး ပါး အတွက် ပိုင်းခြား ထားတဲ့ နို့ ဘူး ထဲမှာ ထည့်ထား တဲ့ bri es s ant e လိပ် ရဲ့ ကြီးကျယ်ခမ်းနား တဲ့ အ န ံ့ နဲ့ နှ ိုင်း ယ ှ ဥ ် ကြည့် မယ်ဆိုရင် ပျော်ရွှင် မှု ဟ ော် မုန်း တွေ ထုတ်
False,▁ငါ ဘာ ပဲ လုပ် လုပ် ▁အဆုံး အ ဖြတ် မခံ ဘဲ ▁လူ ထု အလုပ် တွေ လုပ်ဖို့ ▁အဲဒီ အလုပ် မှာ ▁နည်းလမ်း တစ်ခုခု ▁ ရှာတွေ့ မယ်လို့ ▁ငါထင်တယ် ၊ ▁အဲဒါက ▁ငါ သင် ပေး ခဲ့တာ လို့ ▁ Z el on ▁က ပြော ပါတယ်။,ငါ ဘာ ပဲ လုပ် လုပ် အဆုံး အ ဖြတ် မခံ ဘဲ လူ ထု အလုပ် တွေ လုပ်ဖို့ အဲဒီ အလုပ် မှာ နည်းလမ်း တစ်ခုခု ရှာတွေ့ မယ်လို့ ငါထင်တယ် ၊ အဲဒါက ငါ သင် ပေး ခဲ့တာ လို့ Z el on က ပြော ပါတယ်။,ငါ ဘာ ပဲ လုပ် လုပ် အဆုံး အ ဖြတ် မခံ ဘဲ လူ ထု အလုပ် တွေ လုပ်ဖို့ အဲဒီ အလုပ် မှာ နည်းလမ်း တစ်ခုခု ရှာတွေ့ မယ်လို့ ငါထင်တယ် ၊ အဲဒါက ငါ သင် ပေး ခဲ့တာ လို့ Z el on က ပြော ပါတယ်။
False,▁C lar k ▁သည် ▁သူ နှင့် ▁R ed gra ve ▁ တို့၏ ▁ အိမ်ထောင် ရေး ကို ▁ဆက်လက် ထိန်းသိမ်း နိုင် မည်ဟု ▁မျှော်လင့် ကြောင်း လည်း ▁ထုတ်ဖော် ပြောကြားခဲ့သည်။,C lar k သည် သူ နှင့် R ed gra ve တို့၏ အိမ်ထောင် ရေး ကို ဆက်လက် ထိန်းသိမ်း နိုင် မည်ဟု မျှော်လင့် ကြောင်း လည်း ထုတ်ဖော် ပြောကြားခဲ့သည်။,C lar k သည် သူ နှင့် R ed gra ve တို့၏ အိမ်ထောင် ရေး ကို ဆက်လက် ထိန်းသိမ်း နိုင် မည်ဟု မျှော်လင့် ကြောင်း လည်း ထုတ်ဖော် ပြောကြားခဲ့သည်။
False,▁ဥပမာအားဖြင့် ▁ ဆင်း ရဲ မ ွ ဲ တေ မှုသည် ▁အနောက် နိုင်ငံ များတွင် ▁နေထိုင် ကြ သူ များကဲ့သို့ ▁အ ရှက် ကွဲ ခြင်းကို ▁မ ဖန်တီး ပေး ပေ။,ဥပမာအားဖြင့် ဆင်း ရဲ မ ွ ဲ တေ မှုသည် အနောက် နိုင်ငံ များတွင် နေထိုင် ကြ သူ များကဲ့သို့ အ ရှက် ကွဲ ခြင်းကို မ ဖန်တီး ပေး ပေ။,ဥပမာအားဖြင့် ဆင်း ရဲ မ ွ ဲ တေ မှုသည် အနောက် နိုင်ငံ များတွင် နေထိုင် ကြ သူ များကဲ့သို့ အ ရှက် ကွဲ ခြင်းကို မ ဖန်တီး ပေး ပေ။
False,▁Ja is al m er ▁သွား တဲ့ လမ်း ကို ▁ပြန် ရောက် တော့ ▁လယ်ကွင်း ထဲကို ▁မ ဆင်း ခင် ▁နောက်ဆုံး ▁ အရောင် တွေ ▁ပ က် ဖျ န်း ပြီး ▁အနီရောင် ▁ င ရု တ် သီး တ ောင့် တွေနဲ့ ▁အ စက် ချ ထား ပါတယ်။,Ja is al m er သွား တဲ့ လမ်း ကို ပြန် ရောက် တော့ လယ်ကွင်း ထဲကို မ ဆင်း ခင် နောက်ဆုံး အရောင် တွေ ပ က် ဖျ န်း ပြီး အနီရောင် င ရု တ် သီး တ ောင့် တွေနဲ့ အ စက် ချ ထား ပါတယ်။,Ja is al m er သွား တဲ့ လမ်း ကို ပြန် ရောက် တော့ လယ်ကွင်း ထဲကို မ ဆင်း ခင် နောက်ဆုံး အရောင် တွေ ပ က် ဖျ န်း ပြီး အနီရောင် င ရု တ် သီး တ ောင့် တွေနဲ့ အ စက် ချ ထား ပါတယ်။
False,▁တစ်ချို့ အဖွဲ့ တွေက ▁V ick s burg ▁က ▁V ick s burg ▁စစ် မြေ ပြင် ကို ▁သွား ခွင့် ရ ရင် ▁V ick s burg ▁စစ် မြေ ပြင် ကို ▁ ကူး ဖို့ ▁အ ခွင့် ကောင်း ရ ဖူး ရင် ▁တစ်ချို့ ▁Texas ▁uh ▁ အဖွဲ့ တွေ ရှိ တော့ ▁အဲဒီ နေရာ က ▁ နယ်မြေ တစ်ခု ရှိတယ်၊ ▁ အဲဒီမှာ ▁စိတ်ဝင်စားစရာ ကောင်းတဲ့ ▁အချိန် တွေရှိတယ်။,တစ်ချို့ အဖွဲ့ တွေက V ick s burg က V ick s burg က V ick s burg စစ် မြေ ပြင် ကို သွား ခွင့် ရ ရင် V ick s burg စစ် မြေ ပြင် ကို ကူး ဖို့ အ ခွင့် ကောင်း ရ ဖူး ရင် တစ်ချို့ Texas uh အဖွဲ့ တွေ ရှိ တော့ အဲဒီ နေရာ က နယ်မြေ တစ်ခု ရှိတယ်၊ အဲဒီမှာ စိတ်ဝင်စားစရာ ကောင်းတဲ့ အချိန် တွေရှိတယ်။,တစ်ချို့ အဖွဲ့ တွေက V ick s burg က V ick s burg က V ick s burg က V ick s burg က V ick s burg စစ် မြေ ပြင် ကို သွား ခွင့် ရ ရင် V ick s burg စစ် မြေ ပြင် ကို ကူး ဖို့ အ ခွင့် ကောင်း ရ ဖူး ရင် တစ်ချို့ Texas uh အဖွဲ့ တွေ ရှိ တော့ အဲဒီ နေရာ က နယ်မြေ တစ်ခု ရှိတယ်၊ အဲဒီမှာ စိတ်ဝင်စားစရာ ကောင်းတဲ့ အချိန် တွေရှိတယ်။
False,▁ဘာပဲဖြစ်ဖြစ် ▁ဖြစ် သင့်တယ်လို့ ▁ထင်ပါတယ်။,ဘာပဲဖြစ်ဖြစ် ဖြစ် သင့်တယ်လို့ ထင်ပါတယ်။,ဘာပဲဖြစ်ဖြစ် ဖြစ် သင့်တယ်လို့ ထင်ပါတယ်။
False,▁ထို့အပြင် ▁ လျော်ကြေး ပေး ရေး ကော်မတီ များသည် ▁ကုမ္ပဏီ နှင့် ၎င်း၏ အ စု ရှ ယ် ယာ ရှင် များနှင့် ▁၎င်းတို့ နှင့် သူတို့ ကို ▁မှန် ကန် သည့်အရာ များ လုပ်ဆောင်ရန် ▁စီမံခန့်ခွဲမှု အတွက် ▁ မက်လုံးများ ပေးဆောင် ရန် ▁ လျော်ကြေး ၏ သက်ရောက်မှု များကို ▁နားလည် ရန် ▁လိုအပ်ပါသည်။,ထို့အပြင် လျော်ကြေး ပေး ရေး ကော်မတီ များသည် ကုမ္ပဏီ နှင့် ၎င်း၏ အ စု ရှ ယ် ယာ ရှင် များနှင့် ၎င်းတို့ နှင့် သူတို့ ကို မှန် ကန် သည့်အရာ များ လုပ်ဆောင်ရန် စီမံခန့်ခွဲမှု အတွက် မက်လုံးများ ပေးဆောင် ရန် လျော်ကြေး ၏ သက်ရောက်မှု များကို နားလည် ရန် လိုအပ်ပါသည်။,ထို့အပြင် လျော်ကြေး ပေး ရေး ကော်မတီ များသည် ကုမ္ပဏီ နှင့် ၎င်း၏ အ စု ရှ ယ် ယာ ရှင် များနှင့် ၎င်းတို့ နှင့် သူတို့ ကို မှန် ကန် သည့်အရာ များ လုပ်ဆောင်ရန် စီမံခန့်ခွဲမှု အတွက် မက်လုံးများ ပေးဆောင် ရန် လျော်ကြေး ၏ သက်ရောက်မှု များကို နားလည် ရန် လိုအပ်ပါသည်။
False,▁စတုတ္ထ ရာစု ▁ရောမ ဧကရာဇ် ▁G ra t ian us ▁သည် ▁ အစောပိုင်း ▁ဧည့်သည် တစ်ဦး ဖြစ်ပြီး ▁နောက်ပိုင်းတွင် ▁ ရို မ န်း တစ် က ဗျာ ဆရာ ▁Al ph on se ▁de ▁La mar t in e ၊ ▁ဗ စ် တိုး ရီးယား ဘုရင် မ ၊ ▁Sain t - S a ? « ns ▁နှင့် ▁Ra ch man in ov ▁တို့ ကဲ့သို့သော ▁ ထင်ရှားကျော်ကြား သူများ နောက် တွင် ▁ လိုက် ပါ ခဲ့ကြသည်။,စတုတ္ထ ရာစု ရောမ ဧကရာဇ် G ra t ian us သည် အစောပိုင်း ဧည့်သည် တစ်ဦး ဖြစ်ပြီး နောက်ပိုင်းတွင် ရို မ န်း တစ် က ဗျာ ဆရာ Al ph on se de La mar t in e ၊ ဗ စ် တိုး ရီးယား ဘုရင် မ ၊ Sain t - S a ? « ns နှင့် Ra ch man in ov တို့ ကဲ့သို့သော ထင်ရှားကျော်ကြား သူများ နောက် တွင် လိုက် ပါ ခဲ့ကြသည်။,စတုတ္ထ ရာစု ရောမ ဧကရာဇ် G ra t ian us သည် အစောပိုင်း ဧည့်သည် တစ်ဦး ဖြစ်ပြီး နောက်ပိုင်းတွင် ရို မ န်း တစ် က ဗျာ ဆရာ Al ph on se de La mar t in e ၊ ဗ စ် တိုး ရီးယား ဘုရင် မ ၊ Sain t - S a ? « ns နှင့် Ra ch man in ov တို့ ကဲ့သို့သော ထင်ရှားကျော်ကြား သူများ နောက် တွင် လိုက် ပါ ခဲ့ကြသည်။
False,▁ဒါ နဲ့ ▁ကျွန်တော် ကိုယ်တိုင် ▁တရားရုံး ကို ▁ သွားပြီး တော့ ▁အမှန် အတိုင်း ပြော ပေမယ့် ▁အဲဒါက ▁ကျွန်တော့်ကို ▁ ကောင်း ကျိုး မပေး ဘူး။,ဒါ နဲ့ ကျွန်တော် ကိုယ်တိုင် တရားရုံး ကို သွားပြီး တော့ အမှန် အတိုင်း ပြော ပေမယ့် အဲဒါက ကျွန်တော့်ကို ကောင်း ကျိုး မပေး ဘူး။,ဒါ နဲ့ ကျွန်တော် ကိုယ်တိုင် တရားရုံး ကို သွားပြီး တော့ အမှန် အတိုင်း ပြော ပေမယ့် အဲဒါက ကျွန်တော့်ကို ကောင်း ကျိုး မပေး ဘူး။
False,▁Mo re ▁Li n k s ▁( M is ce ll an e ous ▁အောက် ရှိ ▁ညာဘက် ခြမ်း ရှိ ) ▁နှင့် ▁မှ ▁ နှိပ် ပါ။,Mo re Li n k s ( M is ce ll an e ous အောက် ရှိ ညာဘက် ခြမ်း ရှိ ) နှင့် မှ နှိပ် ပါ။,Mo re Li n k s ( M is ce ll an e ous အောက် ရှိ ညာဘက် ခြမ်း ရှိ ) နှင့် မှ နှိပ် ပါ။
False,▁ဒါ နဲ့ ▁ကျွန်တော် ▁အဲဒါကို ▁စ ပြီး ကြည့် ရင်း ▁ရုတ်တရက် ▁ စောင့် မျှ ော် ရင်း ▁နောက် အပတ် မှာ ▁ဘာ သွား သွား လဲ။,ဒါ နဲ့ ကျွန်တော် အဲဒါကို စ ပြီး ကြည့် ရင်း ရုတ်တရက် စောင့် မျှ ော် ရင်း နောက် အပတ် မှာ ဘာ သွား သွား သွား လဲ။,ဒါ နဲ့ ကျွန်တော် အဲဒါကို စ ပြီး ကြည့် ရင်း ရုတ်တရက် စောင့် မျှ ော် ရင်း နောက် အပတ် မှာ ဘာ သွား သွား သွား သွား လဲ။
False,▁ ဟင့်အင်း ▁မဟုတ်ဘူး ▁အိုး ▁ ဂရုစိုက် ပါ,ဟင့်အင်း မဟုတ်ဘူး အိုး ဂရုစိုက် ပါ,ဟင့်အင်း မဟုတ်ဘူး အိုး ဂရုစိုက် ပါ
False,▁ ' မင်္ဂလာ ပါ ▁Ben ',' မင်္ဂလာ ပါ Ben ',' မင်္ဂလာ ပါ Ben '
False,▁ဘယ်လို သက် သေ ပြ နိုင် မလဲ။,ဘယ်လို သက် သေ ပြ နိုင် မလဲ။,ဘယ်လို သက် သေ ပြ နိုင် မလဲ။
False,▁၎င်းသည် ▁18 12 ▁ခုနှစ်တွင် ▁နပိုလီယံ ကို ▁မ ော် စ ကို သို့ ▁သယ်ဆောင် လာ သော ▁ နည်း ပြ မှ သည် ▁19 0 4 ▁ခုနှစ် မှ ▁မြင် း ကောင် ရေ ▁4 ▁ ကောင် ရေ အား ရှိသော ▁Re na ul t ▁ကား နှင့် ▁အခြားသော ▁ရာစု အ ပြောင်း အ ရွှေ ့ ▁ဂန္တဝင် ကား များ အထိ ▁အမျိုးအစား အားလုံးကို ▁ပြသထားသည်။,၎င်းသည် 18 12 ခုနှစ်တွင် နပိုလီယံ ကို မ ော် စ ကို သို့ သယ်ဆောင် လာ သော နည်း ပြ မှ သည် 19 0 4 ခုနှစ် မှ မြင် း ကောင် ရေ 4 ကောင် ရေ အား ရှိသော Re na ul t ကား နှင့် အခြားသော ရာစု အ ပြောင်း အ ရွှေ ့ ဂန္တဝင် ကား များ အထိ အမျိုးအစား အားလုံးကို ပြသထားသည်။,၎င်းသည် အမျိုးအစား အားလုံးကို ပြသထားသည်။ အမျိုးအစား အားလုံးကို ပြသထားသည်။
False,▁ဤ အမှုဆောင် ၏ အ ဆို အရ ၊ ▁မြို့တော် ခန်းမ အစည်းအဝေး များသည် ▁၎င်း၏ ဖောက်သည်များ ၏ ▁စိတ် ကျေနပ် မှု အဆင့် များကို ▁ မြှင့်တင် ပေး ခဲ့ပြီး ▁၎င်းတို့ အတွက် ▁အရေးကြီး ဆုံး သော စိုးရိမ် မှုများကို ▁စစ် မှု ထမ်း ဟောင်း များက ▁ဖော်ထုတ် ကာ ▁၎င်းတို့၏ အကျိုးခံစားခွင့် အ ရေး ဆို ချက်များကို ▁လုပ်ဆောင် နေသော ▁V BA ▁ဝန်ထမ်း များထံ ▁တိုက်ရိုက် ဝင်ရောက် ခွင့် ရ ခဲ့ပြီး ▁တောင်းဆို ချက် လုပ်ငန်းစဉ် များကို ▁ ပိုမိုကောင်းမွန် စွာ ▁နားလည် နိုင် သောကြောင့် ဖြစ်သည်။,ဤ အမှုဆောင် ၏ အ ဆို အရ ၊ မြို့တော် ခန်းမ အစည်းအဝေး များသည် ၎င်း၏ ဖောက်သည်များ ၏ စိတ် ကျေနပ် မှု အဆင့် များကို မြှင့်တင် ပေး ခဲ့ပြီး ၎င်းတို့ အတွက် အရေးကြီး ဆုံး သော စိုးရိမ် မှုများကို စစ် မှု ထမ်း ဟောင်း များက ဖော်ထုတ် ကာ ၎င်းတို့၏ အကျိုးခံစားခွင့် အ ရေး ဆို ချက်များကို လုပ်ဆောင် နေသော V BA ဝန်ထမ်း များထံ တိုက်ရိုက် ဝင်ရောက် ခွင့် ရ ခဲ့ပြီး တောင်းဆို ချက် လုပ်ငန်းစဉ် များကို ပိုမိုကောင်းမွန် စွာ နားလည် နိုင် သောကြောင့် ဖြစ်သည်။,ဤ အမှုဆောင် ၏ အ ဆို အရ ၊ မြို့တော် ခန်းမ အစည်းအဝေး များသည် ၎င်း၏ ဖောက်သည်များ ၏ စိတ် ကျေနပ် မှု အဆင့် များကို မြှင့်တင် ပေး ခဲ့ပြီး ၎င်းတို့ အတွက် အရေးကြီး ဆုံး သော စိုးရိမ် မှုများကို စစ် မှု ထမ်း ဟောင်း များက ဖော်ထုတ် ကာ ၎င်းတို့၏ အကျိုးခံစားခွင့် အ ရေး ဆို ချက်များကို လုပ်ဆောင် နေသော V BA ဝန်ထမ်း များထံ တိုက်ရိုက် ဝင်ရောက် ခွင့် ရ ခဲ့ပြီး တောင်းဆို ချက် လုပ်ငန်းစဉ် များကို ပိုမိုကောင်းမွန် စွာ နားလည် နိုင် သောကြောင့် ဖြစ်သည်။
False,▁နာရီ အနည်းငယ် ကြာ မှ ▁မ ကောင်း ဘူးလို့ ▁မြင် ပါတယ်။,နာရီ အနည်းငယ် ကြာ မှ မ ကောင်း ဘူးလို့ မြင် ပါတယ်။,နာရီ အနည်းငယ် ကြာ မှ မ ကောင်း ဘူးလို့ မြင် ပါတယ်။
False,▁အရှေ့ဘက် တွင် ▁ ခရစ်ယာန် တပ် များ ▁ ဆုတ် ခွာ သွား သော ▁မ ွတ် ဆ လင် အာဏာ သစ် များ ▁တက်လာ သည်။,အရှေ့ဘက် တွင် ခရစ်ယာန် တပ် များ ဆုတ် ခွာ သွား သော မ ွတ် ဆ လင် အာဏာ သစ် များ တက်လာ သည်။,အရှေ့ဘက် တွင် ခရစ်ယာန် တပ် များ ဆုတ် ခွာ သွား သော မ ွတ် ဆ လင် အာဏာ သစ် များ တက်လာ သည်။
False,▁စစ်မှန်သော ▁ပ ရ ဟ ိ တ သည် ▁ မိ မိ ကိုယ်တိုင် မဟုတ် ကြောင်း ▁ကျိုးကြောင်း ဆီလျော် သော ▁မြင့်မြတ်သော ▁အခွင့်အာဏာ ဖြင့် ▁ကျွန်ုပ်တို့ အား ▁ပြောကြားခဲ့ပါ သည်။,စစ်မှန်သော ပ ရ ဟ ိ တ သည် မိ မိ ကိုယ်တိုင် မဟုတ် ကြောင်း ကျိုးကြောင်း ဆီလျော် သော မြင့်မြတ်သော အခွင့်အာဏာ ဖြင့် ကျွန်ုပ်တို့ အား ပြောကြားခဲ့ပါ သည်။,စစ်မှန်သော ပ ရ ဟ ိ တ သည် မိ မိ ကိုယ်တိုင် မဟုတ် ကြောင်း ကျိုးကြောင်း ဆီလျော် သော မြင့်မြတ်သော အခွင့်အာဏာ ဖြင့် ကျွန်ုပ်တို့ အား ပြောကြားခဲ့ပါ သည်။
False,▁ဟုတ်တယ်၊ ▁ ကြုံ လာ ရင် ▁ ဘာလုပ် ရမလဲ,ဟုတ်တယ်၊ ကြုံ လာ ရင် ဘာလုပ် ရမလဲ,ဟုတ်တယ်၊ ကြုံ လာ ရင် ဘာလုပ် ရမလဲမလဲ
False,"▁ ဘွဲ့ လွန် ကျောင်း မှ ▁ရှေ့နေ များသည် ▁တစ်နှစ်လျှင် ▁ပျမ်းမျှ အ ကြွ ေး ▁$ 9 0,000 ▁ ထက် နည်း သော ▁အ ကြွ ေး များနှင့် ▁ ရင်ဆိုင်နေရ ပြီး ▁ဥပဒေ ဆိုင်ရာ ▁အ ထောက် အ ကူ ပေးသည့် ▁အဖွဲ့အစည်း များတွင် ▁ပျမ်းမျှ ▁ လစာ ▁$3 1,000 ▁ ဖြင့် ▁အလုပ်အကိုင် ▁ မတတ်နိုင် ကြ ပေ။","ဘွဲ့ လွန် ကျောင်း မှ ရှေ့နေ များသည် တစ်နှစ်လျှင် ပျမ်းမျှ အ ကြွ ေး $ 9 0,000 ထက် နည်း သော အ ကြွ ေး များနှင့် ရင်ဆိုင်နေရ ပြီး ဥပဒေ ဆိုင်ရာ အ ထောက် အ ကူ ပေးသည့် အဖွဲ့အစည်း များတွင် ပျမ်းမျှ လစာ $3 1,000 ဖြင့် အလုပ်အကိုင် မတတ်နိုင် ကြ ပေ။","ဘွဲ့ လွန် ကျောင်း မှ ရှေ့နေ များသည် တစ်နှစ်လျှင် ပျမ်းမျှ အ ကြွ ေး $ 9 0,000 ထက် နည်း သော အ ကြွ ေး များနှင့် ရင်ဆိုင်နေရ ပြီး ဥပဒေ ဆိုင်ရာ အ ထောက် အ ကူ ပေးသည့် အဖွဲ့အစည်း များတွင် ပျမ်းမျှ လစာ $3 1,000 ဖြင့် အလုပ်အကိုင် မတတ်နိုင် ကြ ပေ။"
False,▁ဤနေရာတွင် ▁ ခေါက် ရိုး ကျ နေသော ▁ ဦးခေါင်း တစ်လုံး ၊ ▁ခေါင်း နှစ် လုံး ပါ သော ▁ ဆိတ် တစ်ကောင် နှင့် ▁ ခ ြ စ် ထုတ် ခံထားရ သော ▁ငွေ ဖြင့် ပြုလုပ် ထားသော ▁Mar il yn ▁Mo n ro e ▁ ရုပ်တု ကို ▁သင် တွေ့ ရပါမည်။,ဤနေရာတွင် ခေါက် ရိုး ကျ နေသော ဦးခေါင်း တစ်လုံး ၊ ခေါင်း နှစ် လုံး ပါ သော ဆိတ် တစ်ကောင် နှင့် ခ ြ စ် ထုတ် ခံထားရ သော ငွေ ဖြင့် ပြုလုပ် ထားသော Mar il yn Mo n ro e ရုပ်တု ကို သင် တွေ့ ရပါမည်။,ဤနေရာတွင် ခေါက် ရိုး ကျ နေသော ဦးခေါင်း တစ်လုံး ၊ ခေါင်း နှစ် လုံး ပါ သော ဆိတ် တစ်ကောင် နှင့် ခ ြ စ် ထုတ် ခံထားရ သော ငွေ ဖြင့် ပြုလုပ် ထားသော Mar il yn Mo n ro e ရုပ်တု ကို သင် တွေ့ ရပါမည်။
False,▁ကြာသပတေး နေ့ ▁တရားသူကြီး ၊ ▁Co con in o ▁ ကောင် တီ ▁အထက်တန်း တရားရုံး မှ ▁ ဂုဏ် ထူး ဆောင် ▁Charles ▁A d am s ▁က ▁သဘောတူ ခဲ့သော်လည်း ▁မိမိကိုယ်ကို ▁ကိုယ်စားပြု ခြင်းအတွက် ▁အလွန် စိတ် ပျက် သွားခဲ့သည်။,ကြာသပတေး နေ့ တရားသူကြီး ၊ Co con in o ကောင် တီ အထက်တန်း တရားရုံး မှ ဂုဏ် ထူး ဆောင် Charles A d am s က သဘောတူ ခဲ့သော်လည်း မိမိကိုယ်ကို ကိုယ်စားပြု ခြင်းအတွက် အလွန် စိတ် ပျက် သွားခဲ့သည်။,ကြာသပတေး နေ့ တရားသူကြီး ၊ Co con in o ကောင် တီ အထက်တန်း တရားရုံး မှ ဂုဏ် ထူး ဆောင် Charles A d am s က သဘောတူ ခဲ့သော်လည်း မိမိကိုယ်ကို ကိုယ်စားပြု ခြင်းအတွက် အလွန် စိတ် ပျက် သွားခဲ့သည်။
False,▁သူသည် ▁သူ့ကို ▁Ju mp er ▁နှင့် ▁B la ck ▁Ca t ▁ဟုခေါ်သော ▁အသက်ကြီး သော ▁တောင် ပိုင်း လူ မည် း အုပ်စု နှင့် ▁ တွဲ လေ့ရှိသည်။,သူသည် သူ့ကို Ju mp er နှင့် B la ck Ca t ဟုခေါ်သော အသက်ကြီး သော တောင် ပိုင်း လူ မည် း အုပ်စု နှင့် တွဲ လေ့ရှိသည်။,သူသည် သူ့ကို Ju mp er နှင့် B la ck Ca t ဟုခေါ်သော အသက်ကြီး သော တောင် ပိုင်း လူ မည် း အုပ်စု နှင့် တွဲ လေ့ရှိသည်။
False,▁La c ▁du ▁B our ge t ▁ အစွန်း ရှိ ▁ဤ ကြော ့ ရှင်း သော ▁spa ▁မြို့ သည် ▁ဒ ူ လာ နှင့် ▁အခြား ဝေဒနာ များအတွက် ▁ရာစုနှစ် များစွာ ကြာ ▁ ကုသ ပေးခဲ့သည်။,La c du B our ge t အစွန်း ရှိ ဤ ကြော ့ ရှင်း သော spa မြို့ သည် ဒ ူ လာ နှင့် အခြား ဝေဒနာ များအတွက် ရာစုနှစ် များစွာ ကြာ ကုသ ပေးခဲ့သည်။,La c du B our ge t အစွန်း ရှိ ဤ ကြော ့ ရှင်း သော spa မြို့ သည် ဒ ူ လာ နှင့် အခြား ဝေဒနာ များအတွက် ရာစုနှစ် များစွာ ကြာ ကုသ ပေးခဲ့သည်။
False,▁ဟုတ်တယ်၊ ▁အဲဒါက ▁ လှပ တဲ့ မြို့တစ်မြို့ ၊ ▁ဒါပေမယ့် ▁ပြဿနာ က ▁ငယ်ငယ်တုန်းက ▁ပထမ ဥပမာ လို ပါပဲ၊ ▁သူတို့က ▁ငါ့ကို ▁La s ▁Vegas ▁ကို ▁ခေါ် သွားပြီး ▁အဲဒီ နေရာ က ▁ကမ္ဘာ ပေါ်မှာ ▁အ ပျင်း ဆုံး နေရာ ပဲ၊,ဟုတ်တယ်၊ အဲဒါက လှပ တဲ့ မြို့တစ်မြို့ ၊ ဒါပေမယ့် ပြဿနာ က ငယ်ငယ်တုန်းက ပထမ ဥပမာ လို ပါပဲ၊ သူတို့က ငါ့ကို La s Vegas ကို ခေါ် သွားပြီး အဲဒီ နေရာ က ကမ္ဘာ ပေါ်မှာ အ ပျင်း ဆုံး နေရာ ပဲ၊,ဟုတ်တယ်၊ အဲဒါက လှပ တဲ့ မြို့တစ်မြို့ ၊ ဒါပေမယ့် ပြဿနာ က ငယ်ငယ်တုန်းက ပထမ ဥပမာ လို ပါပဲ၊ သူတို့က ငါ့ကို La s Vegas ကို ခေါ် သွားပြီး အဲဒီ နေရာ က ကမ္ဘာ ပေါ်မှာ အ ပျင်း ဆုံး နေရာ ပဲ၊
False,▁ ' အသံ နည်း တယ်။,' အသံ နည်း တယ်။,' အသံ နည်း တယ်။
False,▁ငါ့ ကိုယ်ပိုင် အဝတ်အစား တွေကို ▁ငါ လုပ် နိုင် မယ်။,ငါ့ ကိုယ်ပိုင် အဝတ်အစား တွေကို ငါ လုပ် နိုင် မယ်။,ငါ့ ကိုယ်ပိုင် အဝတ်အစား တွေကို ငါ လုပ် နိုင် မယ်။
False,▁ပါရီ မြို့ သို့ ▁ လာရောက်လည်ပတ် မှု တိုင်းတွင် ▁မြစ် သည် ▁အဓိက အခန်းကဏ္ဍ မှ ▁ပါဝင်ပါသည်။,ပါရီ မြို့ သို့ လာရောက်လည်ပတ် မှု,ပါရီ မြို့ သို့ လာရောက်လည်ပတ် မှု ပါရီ မြို့ သို့ လာရောက်လည်ပတ် မှု
False,▁၎င်းတို့သည် ▁ ဘာသာစကား နှစ် မျိုး ဖြစ် သင့်သည်။,၎င်းတို့သည် ဘာသာစကား နှစ် မျိုး ဖြစ် သင့်သည်။,၎င်းတို့သည် ဘာသာစကား နှစ် မျိုး ဖြစ် သင့်သည်။
False,▁အိုး ၊ ▁C zar ek ၊ ▁ဒါပေမယ့် ▁ငါတို့ အတွက် ▁ ဖြစ်လာ မှာ လား။,ဒါပေမယ့် ငါတို့ အတွက် ဖြစ်လာ မှာ လား။,ဒါပေမယ့် ငါတို့ အတွက် ဖြစ်လာ မှာ လား။
False,▁ ထွက် လာ တယ်၊ ▁ငါ လုံး ဝ မ မှား ဘူး။,ထွက် လာ တယ်၊ ငါ လုံး ဝ မ မှား ဘူး။,ထွက် လာ တယ်၊ ငါ လုံး ဝ မ မှား ဘူး။
False,"▁ ဇာ တိ ▁ ' M e ▁win , ▁me ▁pass um ▁he ap ▁ဥပဒေ ကြီး နဲ့ ...","ဇာ တိ ' M e win , me pass um he ap ဥပဒေ ကြီး နဲ့ ...","ဇာ တိ ' M e win , me pass um he ap ဥပဒေ ကြီး နဲ့ ..."
False,▁ဘာပဲဖြစ်ဖြစ် ▁ပြီး သွား ပြီ။ ',ဘာပဲဖြစ်ဖြစ် ပြီး သွား ပြီ။ ',ဘာပဲဖြစ်ဖြစ် ပြီး သွား ပြီ။ '
False,▁ဆေး ဖက် ဝင် အ ပင် များ ▁ ထုတ် ယူ မှုသည် ▁အ ပျော့ စား ▁de ment ia ▁ကို ▁ ကုသ ရာတွင် ▁အောင်မြင် ပြီး ▁အယ်လ် ဇ ိုင်း မား ▁ မှတ် ဉာဏ် ▁ဆုံးရှုံး မှုကို ▁ကာကွယ် ပေး ကြောင်း ▁ပြသ သည်။,ဆေး ဖက် ဝင် အ ပင် များ ထုတ် ယူ မှုသည် အ ပျော့ စား de ment ia ကို ကုသ ရာတွင် အောင်မြင် ပြီး အယ်လ် ဇ ိုင်း မား မှတ် ဉာဏ် ဆုံးရှုံး မှုကို ကာကွယ် ပေး ကြောင်း ပြသ သည်။,ဆေး ဖက် ဝင် အ ပင် များ ထုတ် ယူ မှုသည် အ ပျော့ စား de ment ia ကို ကုသ ရာတွင် အောင်မြင် ပြီး အယ်လ် ဇ ိုင်း မား မှတ် ဉာဏ် ဆုံးရှုံး မှုကို ကာကွယ် ပေး ကြောင်း ပြသ သည်။
